TODO,LOC,TODO/LOC,FILE
18,422,4.27%,AK/URL.cpp
7,23,30.43%,AK/Assertions.h
1,361,0.28%,AK/Atomic.h
1,640,0.16%,AK/HashTable.h
2,340,0.59%,AK/ByteString.cpp
3,175,1.71%,AK/CheckedFormatString.h
2,401,0.50%,AK/CircularBuffer.cpp
1,80,1.25%,AK/FlyString.h
1,240,0.42%,AK/Complex.h
3,700,0.43%,AK/Format.h
3,395,0.76%,AK/DisjointChunks.h
2,292,0.68%,AK/DistinctNumeric.h
1,170,0.59%,AK/Error.h
1,109,0.92%,AK/FPControl.h
1,465,0.22%,AK/Time.h
1,160,0.62%,AK/FixedArray.h
8,410,1.95%,AK/FixedPoint.h
1,217,0.46%,AK/FloatingPoint.h
4,1801,0.22%,AK/FloatingPointStringConversions.cpp
8,1093,0.73%,AK/Format.cpp
2,314,0.64%,AK/StringView.h
1,270,0.37%,AK/Function.h
2,263,0.76%,AK/HashMap.h
2,187,1.07%,AK/String.h
1,249,0.40%,AK/IPv6Address.h
1,57,1.75%,AK/IntegralMath.h
1,238,0.42%,AK/ByteString.h
2,138,1.45%,AK/URL.h
2,277,0.72%,AK/JsonParser.cpp
1,254,0.39%,AK/JsonValue.h
1,161,0.62%,AK/LexicalPath.cpp
31,864,3.59%,AK/Math.h
1,59,1.69%,AK/Memory.h
2,185,1.08%,AK/NonnullOwnPtr.h
2,249,0.80%,AK/NonnullRefPtr.h
2,510,0.39%,AK/String.cpp
1,91,1.10%,AK/NumberFormat.cpp
1,200,0.50%,AK/Platform.h
8,544,1.47%,AK/PrintfImplementation.h
1,509,0.20%,AK/RedBlackTree.h
1,156,0.64%,AK/SIMDExtras.h
1,84,1.19%,AK/SIMDMath.h
1,753,0.13%,AK/Vector.h
1,515,0.19%,AK/StringUtils.cpp
1,85,1.18%,AK/MemoryStream.h
19,1025,1.85%,AK/URLParser.cpp
1,601,0.17%,AK/StdLibExtraDetails.h
2,346,0.58%,AK/BitStream.h
2,198,1.01%,AK/MemoryStream.cpp
2,413,0.48%,AK/BigIntBase.h
1,112,0.89%,AK/SourceGenerator.h
3,96,3.12%,AK/Statistics.h
2,222,0.90%,AK/JsonObject.cpp
1,236,0.42%,AK/Utf16View.cpp
4,540,0.74%,AK/UFixedBigInt.h
2,113,1.77%,AK/QuickSelect.h
1,43,2.33%,AK/StringHash.h
2,104,1.92%,AK/UFixedBigIntDivision.h
3,556,0.54%,Base/res/html/misc/display-grid.html
1,57,1.75%,Base/res/html/misc/private-element-test.html
1,73,1.37%,Base/res/html/misc/pseudo-elements.html
3,20,15.00%,Base/res/html/misc/vertical-align.html
1,1230,0.08%,Base/res/js/Spreadsheet/runtime.js
5,388,1.29%,Base/res/ladybird/inspector.js
1,42,2.38%,Base/root/generate_manpages.sh
1,25,4.00%,Kernel/API/POSIX/net/route.h
1,20,5.00%,Kernel/API/POSIX/sys/limits.h
1,79,1.27%,Kernel/API/POSIX/signal.h
1,639,0.16%,Kernel/API/Syscall.h
10,69,14.49%,Kernel/Arch/aarch64/RPi/Timer.h
1,25,4.00%,Kernel/Arch/aarch64/RPi/MMIO.h
1,45,2.22%,Kernel/Arch/aarch64/RPi/Mailbox.h
1,145,0.69%,Kernel/Arch/aarch64/RPi/Timer.cpp
1,101,0.99%,Kernel/Arch/aarch64/RPi/MiniUART.cpp
2,120,1.67%,Kernel/Arch/aarch64/RPi/UART.cpp
2,102,1.96%,Kernel/Arch/aarch64/RPi/Framebuffer.cpp
1,12,8.33%,Kernel/Arch/aarch64/Firmware/ACPI/StaticParsing.cpp
3,47,6.38%,Kernel/Arch/aarch64/InterruptManagement.cpp
14,157,8.92%,Kernel/Arch/aarch64/PageDirectory.h
5,212,2.36%,Kernel/Arch/aarch64/MMU.cpp
11,1482,0.74%,Kernel/Arch/aarch64/CPUID.cpp
1,58,1.72%,Kernel/Arch/aarch64/kprintf.cpp
12,84,14.29%,Kernel/Arch/aarch64/SafeMem.cpp
10,172,5.81%,Kernel/Arch/aarch64/Processor.h
5,193,2.59%,Kernel/Arch/aarch64/Interrupts.cpp
8,389,2.06%,Kernel/Arch/aarch64/Processor.cpp
1,33,3.03%,Kernel/Arch/aarch64/pre_init.cpp
1,118,0.85%,Kernel/Arch/aarch64/ASM_wrapper.h
3,98,3.06%,Kernel/Arch/aarch64/Exceptions.cpp
3,31,9.68%,Kernel/Arch/aarch64/Dummy.cpp
1,15,6.67%,Kernel/Arch/aarch64/Panic.cpp
2,206,0.97%,Kernel/Arch/x86_64/Hypervisor/VMWareBackdoor.cpp
1,42,2.38%,Kernel/Arch/x86_64/ISABus/HID/VMWareMouseDevice.cpp
5,44,11.36%,Kernel/Arch/x86_64/ISABus/SerialDevice.cpp
4,400,1.00%,Kernel/Arch/x86_64/ISABus/I8042Controller.cpp
1,273,0.37%,Kernel/Arch/x86_64/Interrupts/IOAPIC.cpp
3,519,0.58%,Kernel/Arch/x86_64/Interrupts/APIC.cpp
1,138,0.72%,Kernel/Arch/x86_64/PCI/IDELegacyModeController.cpp
1,29,3.45%,Kernel/Arch/x86_64/PCI/IDELegacyModeController.h
1,82,1.22%,Kernel/Arch/x86_64/PCI/Initializer.cpp
3,383,0.78%,Kernel/Arch/x86_64/Time/HPET.cpp
1,81,1.23%,Kernel/Arch/x86_64/Time/RTC.cpp
3,139,2.16%,Kernel/Arch/x86_64/Time/APICTimer.cpp
3,150,2.00%,Kernel/Arch/x86_64/Firmware/MultiProcessor/Parser.cpp
2,100,2.00%,Kernel/Arch/x86_64/Firmware/PCBIOS/SysFSDirectory.cpp
5,656,0.76%,Kernel/Arch/x86_64/Interrupts.cpp
2,317,0.63%,Kernel/Arch/x86_64/SafeMem.cpp
1,17,5.88%,Kernel/Arch/x86_64/FPUState.h
1,150,0.67%,Kernel/Arch/x86_64/RegisterState.h
1,156,0.64%,Kernel/Arch/x86_64/PageDirectory.h
4,198,2.02%,Kernel/Arch/x86_64/InterruptManagement.cpp
7,1376,0.51%,Kernel/Arch/x86_64/Processor.cpp
1,12,8.33%,Kernel/Arch/riscv64/Firmware/ACPI/StaticParsing.cpp
1,15,6.67%,Kernel/Arch/riscv64/PCI/Initializer.cpp
11,134,8.21%,Kernel/Arch/riscv64/Processor.cpp
11,168,6.55%,Kernel/Arch/riscv64/Processor.h
1,12,8.33%,Kernel/Arch/riscv64/Delay.cpp
4,47,8.51%,Kernel/Arch/riscv64/InterruptManagement.cpp
7,51,13.73%,Kernel/Arch/riscv64/PageDirectory.cpp
1,15,6.67%,Kernel/Arch/riscv64/Panic.cpp
2,16,12.50%,Kernel/Arch/riscv64/PowerState.cpp
12,84,14.29%,Kernel/Arch/riscv64/SafeMem.cpp
1,17,5.88%,Kernel/Arch/riscv64/pre_init.cpp
1,13,7.69%,Kernel/Arch/riscv64/DebugOutput.cpp
5,35,14.29%,Kernel/Arch/riscv64/Interrupts.cpp
8,151,5.30%,Kernel/Arch/riscv64/PageDirectory.h
1,108,0.93%,Kernel/Arch/Processor.cpp
2,21,9.52%,Kernel/Arch/TrapFrame.h
1,225,0.44%,Kernel/Arch/Processor.h
4,36,11.11%,Kernel/Arch/PCIMSI.h
5,355,1.41%,Kernel/Arch/init.cpp
1,84,1.19%,Kernel/Bus/PCI/Controller/MemoryBackedHostBridge.cpp
2,114,1.75%,Kernel/Bus/PCI/Controller/HostController.cpp
1,72,1.39%,Kernel/Bus/PCI/Controller/VolumeManagementDevice.cpp
1,40,2.50%,Kernel/Bus/PCI/API.h
1,49,2.04%,Kernel/Bus/PCI/Access.h
3,159,1.89%,Kernel/Bus/PCI/Device.cpp
2,298,0.67%,Kernel/Bus/USB/UHCI/UHCIDescriptorTypes.h
7,206,3.40%,Kernel/Bus/USB/UHCI/UHCIRootHub.cpp
5,595,0.84%,Kernel/Bus/USB/UHCI/UHCIController.cpp
9,134,6.72%,Kernel/Bus/USB/Drivers/MassStorage/MassStorageDriver.cpp
3,66,4.55%,Kernel/Bus/USB/Drivers/HID/MouseDriver.cpp
1,256,0.39%,Kernel/Bus/USB/EHCI/DataStructures.h
5,55,9.09%,Kernel/Bus/USB/EHCI/EHCIController.cpp
3,125,2.40%,Kernel/Bus/USB/USBDevice.cpp
6,224,2.68%,Kernel/Bus/USB/USBHub.cpp
1,148,0.68%,Kernel/Bus/USB/USBPipe.cpp
2,106,1.89%,Kernel/Bus/USB/USBPipe.h
1,45,2.22%,Kernel/Bus/USB/USBTransfer.h
1,17,5.88%,Kernel/Bus/USB/USBController.cpp
2,56,3.57%,Kernel/Bus/USB/USBConfiguration.cpp
1,46,2.17%,Kernel/Bus/VirtIO/Transport/PCIe/Detect.cpp
1,27,3.70%,Kernel/Bus/VirtIO/Transport/PCIe/TransportLink.h
2,138,1.45%,Kernel/Bus/VirtIO/Transport/Entity.cpp
1,157,0.64%,Kernel/Bus/VirtIO/Queue.cpp
1,138,0.72%,Kernel/Bus/VirtIO/ConsolePort.cpp
3,210,1.43%,Kernel/Bus/VirtIO/Console.cpp
2,136,1.47%,Kernel/Bus/VirtIO/Device.cpp
1,65,1.54%,Kernel/Bus/VirtIO/RNG.cpp
1,110,0.91%,Kernel/Devices/Audio/IntelHDA/OutputPath.h
1,182,0.55%,Kernel/Devices/Audio/IntelHDA/RingBuffer.h
1,184,0.54%,Kernel/Devices/Audio/IntelHDA/Stream.cpp
1,92,1.09%,Kernel/Devices/Audio/IntelHDA/Stream.h
1,266,0.38%,Kernel/Devices/Audio/IntelHDA/Controller.cpp
1,261,0.38%,Kernel/Devices/Audio/AC97/AC97.cpp
3,61,4.92%,Kernel/Devices/Audio/Channel.cpp
2,165,1.21%,Kernel/Devices/HID/PS2/MouseDevice.cpp
2,68,2.94%,Kernel/Devices/HID/PS2/KeyboardDevice.cpp
3,381,0.79%,Kernel/Devices/HID/KeyboardDevice.cpp
3,182,1.65%,Kernel/Devices/HID/Management.cpp
1,52,1.92%,Kernel/Devices/Generic/ConsoleDevice.cpp
1,37,2.70%,Kernel/Devices/Generic/FullDevice.cpp
1,45,2.22%,Kernel/Devices/Generic/MemoryDevice.cpp
1,34,2.94%,Kernel/Devices/Generic/NullDevice.cpp
1,34,2.94%,Kernel/Devices/Generic/ZeroDevice.cpp
2,37,5.41%,Kernel/Devices/Generic/RandomDevice.cpp
1,48,2.08%,Kernel/Devices/Generic/DeviceControlDevice.cpp
1,53,1.89%,Kernel/Devices/Generic/SelfTTYDevice.cpp
1,49,2.04%,Kernel/Devices/Storage/ATA/AHCI/Controller.h
5,689,0.73%,Kernel/Devices/Storage/ATA/AHCI/Port.cpp
2,190,1.05%,Kernel/Devices/Storage/ATA/AHCI/Controller.cpp
1,367,0.27%,Kernel/Devices/Storage/ATA/AHCI/Definitions.h
2,83,2.41%,Kernel/Devices/Storage/ATA/GenericIDE/Controller.cpp
5,284,1.76%,Kernel/Devices/Storage/ATA/GenericIDE/Channel.cpp
2,110,1.82%,Kernel/Devices/Storage/ATA/GenericIDE/Channel.h
1,29,3.45%,Kernel/Devices/Storage/ATA/ATADevice.h
1,27,3.70%,Kernel/Devices/Storage/ATA/ATADiskDevice.cpp
1,444,0.23%,Kernel/Devices/Storage/ATA/ATAPort.cpp
1,34,2.94%,Kernel/Devices/Storage/NVMe/NVMeNameSpace.cpp
2,198,1.01%,Kernel/Devices/Storage/NVMe/NVMeDefinitions.h
2,146,1.37%,Kernel/Devices/Storage/NVMe/NVMeQueue.cpp
1,74,1.35%,Kernel/Devices/Storage/NVMe/NVMeInterruptQueue.cpp
1,366,0.27%,Kernel/Devices/Storage/SD/Commands.h
2,31,6.45%,Kernel/Devices/Storage/SD/PCISDHostController.cpp
1,42,2.38%,Kernel/Devices/Storage/SD/SDMemoryCard.cpp
1,81,1.23%,Kernel/Devices/Storage/SD/SDHostController.h
17,648,2.62%,Kernel/Devices/Storage/SD/SDHostController.cpp
4,91,4.40%,Kernel/Devices/Storage/USB/BulkSCSIInterface.cpp
2,67,2.99%,Kernel/Devices/Storage/DiskPartition.cpp
4,436,0.92%,Kernel/Devices/Storage/StorageManagement.cpp
1,64,1.56%,Kernel/Devices/GPU/Bochs/GraphicsAdapter.cpp
1,32,3.12%,Kernel/Devices/GPU/Console/ContiguousFramebufferConsole.cpp
3,367,0.82%,Kernel/Devices/GPU/Console/GenericFramebufferConsole.cpp
2,107,1.87%,Kernel/Devices/GPU/Intel/Auxiliary/GMBusConnector.cpp
1,87,1.15%,Kernel/Devices/GPU/Intel/Transcoder/DisplayTranscoder.cpp
1,111,0.90%,Kernel/Devices/GPU/Intel/Transcoder/PLL.cpp
2,65,3.08%,Kernel/Devices/GPU/Intel/NativeDisplayConnector.h
1,58,1.72%,Kernel/Devices/GPU/VMWare/Console.cpp
3,110,2.73%,Kernel/Devices/GPU/VMWare/DisplayConnector.cpp
1,170,0.59%,Kernel/Devices/GPU/VirtIO/DisplayConnector.cpp
4,139,2.88%,Kernel/Devices/GPU/VirtIO/GPU3DDevice.cpp
2,83,2.41%,Kernel/Devices/GPU/VirtIO/Console.cpp
3,451,0.67%,Kernel/Devices/GPU/VirtIO/GraphicsAdapter.cpp
1,339,0.29%,Kernel/Devices/GPU/3dfx/VoodooDisplayConnector.cpp
2,446,0.45%,Kernel/Devices/GPU/DisplayConnector.cpp
1,223,0.45%,Kernel/Devices/GPU/Management.cpp
1,79,1.27%,Kernel/Devices/TTY/ConsoleManagement.cpp
12,494,2.43%,Kernel/Devices/TTY/TTY.cpp
1,71,1.41%,Kernel/Devices/TTY/TTY.h
5,423,1.18%,Kernel/Devices/TTY/VirtualConsole.cpp
1,108,0.93%,Kernel/Devices/TTY/VirtualConsole.h
2,102,1.96%,Kernel/Devices/BlockDevice.cpp
1,75,1.33%,Kernel/Devices/BlockDevice.h
2,38,5.26%,Kernel/Devices/CharacterDevice.cpp
1,24,4.17%,Kernel/Devices/CharacterDevice.h
1,111,0.90%,Kernel/Devices/KCOVDevice.cpp
4,43,9.30%,Kernel/Devices/PCISerialDevice.cpp
2,67,2.99%,Kernel/Devices/Device.h
4,608,0.66%,Kernel/FileSystem/Ext2FS/FileSystem.cpp
5,843,0.59%,Kernel/FileSystem/Ext2FS/Inode.cpp
1,38,2.63%,Kernel/FileSystem/FATFS/FileSystem.h
2,220,0.91%,Kernel/FileSystem/FATFS/Inode.cpp
1,95,1.05%,Kernel/FileSystem/ISO9660FS/DirectoryIterator.cpp
4,191,2.09%,Kernel/FileSystem/ISO9660FS/Inode.cpp
3,211,1.42%,Kernel/FileSystem/ISO9660FS/FileSystem.cpp
3,135,2.22%,Kernel/FileSystem/Plan9FS/Message.cpp
18,232,7.76%,Kernel/FileSystem/Plan9FS/Inode.cpp
1,158,0.63%,Kernel/FileSystem/Plan9FS/Message.h
5,287,1.74%,Kernel/FileSystem/Plan9FS/FileSystem.cpp
1,327,0.31%,Kernel/FileSystem/ProcFS/ProcessExposed.cpp
1,44,2.27%,Kernel/FileSystem/SysFS/Subsystems/Bus/PCI/DeviceDirectory.cpp
1,22,4.55%,Kernel/FileSystem/SysFS/Subsystems/DeviceIdentifiers/DeviceComponent.cpp
1,38,2.63%,Kernel/FileSystem/SysFS/Subsystems/Devices/Graphics/DisplayConnector/DeviceDirectory.cpp
1,36,2.78%,Kernel/FileSystem/SysFS/Subsystems/Devices/Storage/DeviceDirectory.cpp
1,146,0.68%,Kernel/FileSystem/SysFS/Subsystems/Kernel/Processes.cpp
2,78,2.56%,Kernel/FileSystem/SysFS/Subsystems/Kernel/CPUInfo.cpp
1,47,2.13%,Kernel/FileSystem/SysFS/Subsystems/Kernel/Interrupts.cpp
1,341,0.29%,Kernel/FileSystem/RAMFS/Inode.cpp
1,99,1.01%,Kernel/FileSystem/File.h
3,994,0.30%,Kernel/FileSystem/VirtualFileSystem.cpp
1,143,0.70%,Kernel/FileSystem/InodeWatcher.cpp
5,326,1.53%,Kernel/FileSystem/Inode.cpp
5,458,1.09%,Kernel/FileSystem/OpenFileDescription.cpp
5,50,10.00%,Kernel/Firmware/ACPI/StaticParsing.cpp
18,362,4.97%,Kernel/Firmware/ACPI/Parser.cpp
2,128,1.56%,Kernel/Heap/Heap.h
6,462,1.30%,Kernel/Heap/kmalloc.cpp
1,98,1.02%,Kernel/Interrupts/SpuriousInterruptHandler.cpp
8,188,4.26%,Kernel/Library/LockWeakPtr.h
1,195,0.51%,Kernel/Library/IOWindow.cpp
1,46,2.17%,Kernel/Library/KBuffer.h
1,76,1.32%,Kernel/Library/KLexicalPath.cpp
2,133,1.50%,Kernel/Library/MiniStdLib.cpp
1,55,1.82%,Kernel/Library/KBufferBuilder.h
6,25,24.00%,Kernel/Library/Assertions.h
1,435,0.23%,Kernel/Library/LockRefPtr.h
7,134,5.22%,Kernel/Locking/Mutex.h
4,1015,0.39%,Kernel/Memory/MemoryManager.cpp
3,462,0.65%,Kernel/Memory/Region.cpp
6,332,1.81%,Kernel/Memory/AddressSpace.cpp
3,127,2.36%,Kernel/Memory/RegionTree.cpp
1,112,0.89%,Kernel/Memory/PhysicalRegion.cpp
1,246,0.41%,Kernel/Net/Intel/E1000ENetworkAdapter.cpp
1,407,0.25%,Kernel/Net/Intel/E1000NetworkAdapter.cpp
1,179,0.56%,Kernel/Net/Realtek/RTL8168NetworkAdapter.h
63,1390,4.53%,Kernel/Net/Realtek/RTL8168NetworkAdapter.cpp
3,232,1.29%,Kernel/Net/VirtIO/VirtIONetworkAdapter.cpp
1,38,2.63%,Kernel/Net/VirtIO/VirtIONetworkAdapter.h
2,211,0.95%,Kernel/Net/TCPSocket.h
2,462,0.43%,Kernel/Net/LocalSocket.cpp
1,136,0.74%,Kernel/Net/NetworkAdapter.cpp
1,100,1.00%,Kernel/Net/NetworkAdapter.h
3,282,1.06%,Kernel/Net/Routing.cpp
1,136,0.74%,Kernel/Net/UDPSocket.cpp
5,298,1.68%,Kernel/Net/Socket.cpp
4,748,0.53%,Kernel/Net/IPv4Socket.cpp
5,604,0.83%,Kernel/Net/NetworkTask.cpp
4,629,0.64%,Kernel/Net/TCPSocket.cpp
1,46,2.17%,Kernel/Prekernel/Prekernel.h
2,38,5.26%,Kernel/Syscalls/fallocate.cpp
3,366,0.82%,Kernel/Syscalls/socket.cpp
1,27,3.70%,Kernel/Syscalls/exit.cpp
2,199,1.01%,Kernel/Syscalls/profiled_syscalls.cpp
1,127,0.79%,Kernel/Syscalls/unveil.cpp
1,168,0.60%,Kernel/Syscalls/fork.cpp
1,99,1.01%,Kernel/Syscalls/write.cpp
1,122,0.82%,Kernel/Syscalls/kill.cpp
5,253,1.98%,Kernel/Syscalls/ptrace.cpp
2,141,1.42%,Kernel/Syscalls/setpgid.cpp
9,739,1.22%,Kernel/Syscalls/execve.cpp
6,490,1.22%,Kernel/Syscalls/mmap.cpp
1,132,0.76%,Kernel/Syscalls/profiling.cpp
4,149,2.68%,Kernel/Syscalls/SyscallHandler.cpp
1,93,1.08%,Kernel/Syscalls/read.cpp
3,143,2.10%,Kernel/Syscalls/thread.cpp
3,50,6.00%,Kernel/Syscalls/statvfs.cpp
5,258,1.94%,Kernel/Syscalls/sigaction.cpp
1,674,0.15%,Kernel/Tasks/ThreadBlockers.cpp
2,56,3.57%,Kernel/Tasks/WorkQueue.h
1,909,0.11%,Kernel/Tasks/Process.h
5,1152,0.43%,Kernel/Tasks/Thread.cpp
3,1080,0.28%,Kernel/Tasks/Thread.h
1,37,2.70%,Kernel/Tasks/ThreadTracer.h
1,50,2.00%,Kernel/Tasks/WorkQueue.cpp
1,387,0.26%,Kernel/Tasks/PerformanceEventBuffer.cpp
3,172,1.74%,Kernel/Tasks/PerformanceEventBuffer.h
1,128,0.78%,Kernel/Tasks/PerformanceManager.h
1,153,0.65%,Kernel/Tasks/PowerStateSwitchTask.cpp
1,417,0.24%,Kernel/Tasks/Scheduler.cpp
4,971,0.41%,Kernel/Tasks/Process.cpp
1,170,0.59%,Kernel/Time/TimerQueue.cpp
11,444,2.48%,Kernel/Time/TimeManagement.cpp
4,91,4.40%,Kernel/Time/TimeManagement.h
1,145,0.69%,Kernel/Security/Random.cpp
3,159,1.89%,Kernel/Security/Random.h
2,168,1.19%,Kernel/KSyms.cpp
1,43,2.33%,Ladybird/WebSocket/main.cpp
5,52,9.62%,Ladybird/Qt/AudioCodecPluginQt.cpp
2,168,1.19%,Ladybird/Qt/AudioThread.cpp
2,151,1.32%,Ladybird/Qt/EventLoopImplementationQt.cpp
2,66,3.03%,Ladybird/Qt/EventLoopImplementationQt.h
1,129,0.78%,Ladybird/Qt/main.cpp
6,638,0.94%,Ladybird/Qt/WebContentView.cpp
1,91,1.10%,Ladybird/Qt/RequestManagerQt.cpp
1,625,0.16%,Ladybird/Qt/BrowserWindow.cpp
1,93,1.08%,Ladybird/Qt/SettingsDialog.cpp
1,93,1.08%,Ladybird/WebDriver/main.cpp
2,51,3.92%,Ladybird/RequestServer/main.cpp
3,37,8.11%,Ladybird/AppKit/Application/EventLoopImplementation.h
1,60,1.67%,Ladybird/AppKit/UI/LadybirdWebViewBridge.h
1,159,0.63%,Ladybird/AppKit/UI/LadybirdWebViewBridge.cpp
1,26,3.85%,Ladybird/AppKit/UI/Event.h
2,44,4.55%,Ladybird/Android/src/main/cpp/RequestServerService.cpp
1,37,2.70%,Ladybird/Android/src/main/cpp/WebSocketService.cpp
1,178,0.56%,Ladybird/Android/src/main/cpp/LadybirdActivity.cpp
3,101,2.97%,Ladybird/Android/src/main/cpp/WebViewImplementationNative.cpp
6,189,3.17%,Ladybird/Android/src/main/cpp/ALooperEventLoopImplementation.cpp
2,70,2.86%,Ladybird/Android/src/main/cpp/ALooperEventLoopImplementation.h
4,80,5.00%,Ladybird/Android/src/main/cpp/WebViewImplementationNativeJNI.cpp
1,39,2.56%,Ladybird/Android/src/main/cpp/LadybirdServiceBaseJNI.cpp
4,50,8.00%,Ladybird/Android/src/main/cpp/WebContentServiceJNI.cpp
2,44,4.55%,Ladybird/ImageCodecPlugin.cpp
1,48,2.08%,Ladybird/Utilities.cpp
2,81,2.47%,Ladybird/FontPlugin.cpp
1,25,4.00%,Meta/Lagom/Fuzzers/FuzzCSSParser.cpp
1,35,2.86%,Meta/Lagom/Fuzzers/FuzzGIFLoader.cpp
1,26,3.85%,Meta/Lagom/Fuzzers/FuzzJs.cpp
1,179,0.56%,Meta/Lagom/Fuzzers/FuzzilliJs.cpp
2,706,0.28%,Meta/Lagom/Tools/CodeGenerators/IPCCompiler/main.cpp
1,460,0.22%,Meta/Lagom/Tools/CodeGenerators/LibGL/GenerateGLAPIWrapper.cpp
9,1488,0.60%,Meta/Lagom/Tools/CodeGenerators/LibLocale/GenerateLocaleData.cpp
1,242,0.41%,Meta/Lagom/Tools/CodeGenerators/LibLocale/GenerateRelativeTimeFormatData.cpp
1,1930,0.05%,Meta/Lagom/Tools/CodeGenerators/LibLocale/GenerateDateTimeFormatData.cpp
1,895,0.11%,Meta/Lagom/Tools/CodeGenerators/LibLocale/GenerateNumberFormatData.cpp
2,519,0.39%,Meta/Lagom/Tools/CodeGenerators/LibLocale/GeneratePluralRulesData.cpp
3,672,0.45%,Meta/Lagom/Tools/CodeGenerators/LibTimeZone/GenerateTimeZoneData.cpp
4,1408,0.28%,Meta/Lagom/Tools/CodeGenerators/LibUnicode/GenerateUnicodeData.cpp
1,184,0.54%,Meta/Lagom/Tools/CodeGenerators/LibWeb/BindingsGenerator/main.cpp
32,3361,0.95%,Meta/Lagom/Tools/CodeGenerators/LibWeb/BindingsGenerator/IDLGenerators.cpp
1,58,1.72%,Meta/Lagom/Tools/CodeGenerators/LibWeb/GeneratorUtil.h
5,408,1.23%,Meta/Lagom/Tools/CodeGenerators/LibWeb/GenerateWindowOrWorkerInterfaces.cpp
4,302,1.32%,Meta/Lagom/Tools/CodeGenerators/GMLCompiler/main.cpp
1,357,0.28%,Meta/Lagom/Tools/CodeGenerators/JSSpecCompiler/AST/AST.h
1,42,2.38%,Meta/Lagom/Tools/CodeGenerators/JSSpecCompiler/Parser/ParseError.cpp
1,27,3.70%,Meta/Lagom/Tools/CodeGenerators/JSSpecCompiler/Parser/ParseError.h
4,165,2.42%,Meta/Lagom/Tools/CodeGenerators/JSSpecCompiler/Parser/SpecParser.cpp
4,201,1.99%,Meta/Lagom/Tools/CodeGenerators/JSSpecCompiler/Parser/CppASTConverter.cpp
1,83,1.20%,Meta/Lagom/Tools/CodeGenerators/JSSpecCompiler/Compiler/Passes/CFGBuildingPass.cpp
1,126,0.79%,Meta/Lagom/Tools/CodeGenerators/JSSpecCompiler/main.cpp
1,141,0.71%,Meta/Lagom/Tools/CodeGenerators/LibWebView/GeneratePublicSuffixData.cpp
1,308,0.32%,Meta/Lagom/Tools/ConfigureComponents/main.cpp
1,217,0.46%,Meta/Lagom/Tools/LibJSGCVerifier/src/CellsHandler.cpp
1,285,0.35%,Meta/Lagom/Wasm/js_repl.cpp
1,91,1.10%,Meta/Lagom/BuildFuzzers.sh
1,421,0.24%,Meta/Websites/serenityos.org/happy/2nd/index.html
1,59,1.69%,Meta/analyze-qemu-coverage.sh
1,469,0.21%,Meta/serenity.sh
9,30,30.00%,Meta/toot-commits.js
1,63,1.59%,Meta/debug-kernel.sh
1,190,0.53%,Meta/build-root-filesystem.sh
1,18,5.56%,Ports/acpica-tools/package.sh
1,32,3.12%,Ports/glib/package.sh
1,18,5.56%,Ports/jq/package.sh
1,15,6.67%,Ports/libvorbis/package.sh
1,38,2.63%,Ports/lite-xl/package.sh
1,82,1.22%,Ports/ncurses/package.sh
2,18,11.11%,Ports/pkgconf/package.sh
1,34,2.94%,Ports/wayland/package.sh
1,60,1.67%,Ports/serious-sam-classic/package.sh
1,44,2.27%,Ports/jakt/package.sh
1,46,2.17%,Ports/devilutionX/package.sh
1,251,0.40%,Tests/AK/TestFixedPoint.cpp
1,349,0.29%,Tests/AK/TestChecked.cpp
2,342,0.58%,Tests/AK/TestFormat.cpp
1,255,0.39%,Tests/AK/TestDistinctNumeric.cpp
7,73,9.59%,Tests/AK/TestFixedArray.cpp
1,315,0.32%,Tests/AK/TestCircularBuffer.cpp
1,534,0.19%,Tests/AK/TestFloatingPointParsing.cpp
1,75,1.33%,Tests/AK/TestByteBuffer.cpp
1,483,0.21%,Tests/AK/TestJSON.cpp
2,550,0.36%,Tests/AK/TestDuration.cpp
2,80,2.50%,Tests/Kernel/TestMemoryDeviceMmap.cpp
1,118,0.85%,Tests/Kernel/kill-pidtid-confusion.cpp
3,74,4.05%,Tests/Kernel/nanosleep-race-outbuf-munmap.cpp
8,306,2.61%,Tests/Kernel/crash.cpp
2,133,1.50%,Tests/Kernel/fuzz-syscalls.cpp
1,44,2.27%,Tests/LibAudio/TestPlaybackStream.cpp
1,52,1.92%,Tests/LibAudio/TestFLACSpec.cpp
2,264,0.76%,Tests/LibC/TestMath.cpp
1,85,1.18%,Tests/LibC/TestMkDir.cpp
1,387,0.26%,Tests/LibC/TestStrtodAccuracy.cpp
1,437,0.23%,Tests/LibC/TestWchar.cpp
9,1632,0.55%,Tests/LibCompress/TestXz.cpp
1,157,0.64%,Tests/LibCore/TestLibCoreSharedSingleProducerCircularQueue.cpp
1,395,0.25%,Tests/LibCore/TestLibCoreStream.cpp
2,409,0.49%,Tests/LibCrypto/TestAES.cpp
3,127,2.36%,Tests/LibCrypto/TestASN1.cpp
1,502,0.20%,Tests/LibEDID/TestEDID.cpp
1,35,2.86%,Tests/LibELF/TLSUse.cpp
3,43,6.98%,Tests/LibGfx/BenchmarkGfxPainter.cpp
1,46,2.17%,Tests/LibGfx/TestScalingFunctions.cpp
1,37,2.70%,Tests/LibGfx/BenchmarkJPEGLoader.cpp
2,210,0.95%,Tests/LibGfx/TestICCProfile.cpp
2,685,0.29%,Tests/LibGfx/TestImageDecoder.cpp
8,273,2.93%,Tests/LibJS/test-test262.cpp
7,671,1.04%,Tests/LibJS/test262-runner.cpp
1,148,0.68%,Tests/LibLocale/TestDateTimeFormat.cpp
1,204,0.49%,Tests/LibSQL/TestSqlDatabase.cpp
3,484,0.62%,Tests/LibSQL/TestSqlExpressionParser.cpp
1,888,0.11%,Tests/LibSQL/TestSqlStatementExecution.cpp
1,54,1.85%,Tests/LibTTF/TestCmap.cpp
5,125,4.00%,Tests/LibTest/TestGenerator.cpp
1,55,1.82%,Tests/LibThreading/TestThread.cpp
1,35,2.86%,Tests/LibUnicode/TestIDNA.cpp
1,252,0.40%,Tests/LibWasm/test-wasm.cpp
1,19,5.26%,Tests/LibWeb/Layout/input/grid/template-lines-and-areas.html
4,17,23.53%,Tests/LibWeb/Text/input/css/attr-serialization.html
1,11,9.09%,Tests/LibWeb/Text/input/HTML/Navigation-object-properties.html
2,9,22.22%,Tests/LibWeb/Text/input/HTML/Window-named-properties-iframe.html
3,35,8.57%,Tests/LibWeb/Text/input/HTML/Window-named-properties-elements.html
1,43,2.33%,Tests/LibWeb/Text/input/HTML/StructuredClone-object-primitives.html
2,20,10.00%,Tests/LibWeb/Text/input/Messaging/Messaging-basic-channel.html
2,55,3.64%,Tests/LibWeb/Text/input/select.html
1,92,1.09%,Tests/LibWeb/Ref/css-background-position.html
1,66,1.52%,Tests/LibWeb/Ref/css-backgrounds.html
1,207,0.48%,Tests/LibWeb/TestHTMLTokenizer.cpp
4,204,1.96%,Userland/Applets/ClipboardHistory/ClipboardHistoryModel.cpp
3,476,0.63%,Userland/Applications/3DFileViewer/main.cpp
4,224,1.79%,Userland/Applications/Assistant/Providers.cpp
1,248,0.40%,Userland/Applications/Assistant/main.cpp
1,34,2.94%,Userland/Applications/Browser/History/HistoryWidget.cpp
2,110,1.82%,Userland/Applications/Browser/StorageWidget.cpp
3,148,2.03%,Userland/Applications/Browser/DownloadWidget.cpp
2,318,0.63%,Userland/Applications/Browser/BookmarksBarWidget.cpp
14,857,1.63%,Userland/Applications/Browser/Tab.cpp
1,129,0.78%,Userland/Applications/Browser/Tab.h
1,86,1.16%,Userland/Applications/Browser/WindowActions.cpp
8,632,1.27%,Userland/Applications/Browser/BrowserWindow.cpp
1,177,0.56%,Userland/Applications/Browser/main.cpp
4,148,2.70%,Userland/Applications/BrowserSettings/ContentFilterSettingsWidget.cpp
1,75,1.33%,Userland/Applications/BrowserSettings/AutoplaySettingsWidget.cpp
4,176,2.27%,Userland/Applications/Calculator/CalculatorWidget.cpp
4,203,1.97%,Userland/Applications/Calendar/AddEventDialog.cpp
7,168,4.17%,Userland/Applications/CharacterMap/CharacterMapWidget.cpp
2,82,2.44%,Userland/Applications/CharacterMap/CharacterSearchWidget.cpp
1,22,4.55%,Userland/Applications/CharacterMap/SearchCharacters.cpp
1,115,0.87%,Userland/Applications/ClockSettings/ClockSettingsWidget.cpp
1,39,2.56%,Userland/Applications/ClockSettings/main.cpp
1,134,0.75%,Userland/Applications/ClockSettings/TimeZoneSettingsWidget.cpp
8,295,2.71%,Userland/Applications/Debugger/main.cpp
3,291,1.03%,Userland/Applications/DisplaySettings/MonitorSettingsWidget.cpp
4,122,3.28%,Userland/Applications/Escalator/EscalatorWindow.cpp
7,181,3.87%,Userland/Applications/FileManager/FileOperationProgressWidget.cpp
7,558,1.25%,Userland/Applications/FileManager/PropertiesWindow.cpp
1,28,3.57%,Userland/Applications/FileManager/FileOperationProgressWidget.h
5,1102,0.45%,Userland/Applications/FileManager/main.cpp
12,560,2.14%,Userland/Applications/FileManager/DirectoryView.cpp
1,1040,0.10%,Userland/Applications/FontEditor/MainWidget.cpp
2,140,1.43%,Userland/Applications/GamesSettings/CardSettingsWidget.cpp
1,260,0.38%,Userland/Applications/GamesSettings/ChessSettingsWidget.cpp
1,257,0.39%,Userland/Applications/Help/MainWidget.cpp
4,201,1.99%,Userland/Applications/Help/ManualModel.cpp
16,548,2.92%,Userland/Applications/HexEditor/HexEditorWidget.cpp
1,157,0.64%,Userland/Applications/HexEditor/ValueInspectorModel.h
10,750,1.33%,Userland/Applications/HexEditor/HexEditor.cpp
1,51,1.96%,Userland/Applications/HexEditor/main.cpp
5,130,3.85%,Userland/Applications/HexEditor/FindDialog.cpp
5,129,3.88%,Userland/Applications/HexEditor/GoToOffsetDialog.cpp
3,200,1.50%,Userland/Applications/HexEditor/HexDocument.cpp
6,304,1.97%,Userland/Applications/ImageViewer/ViewWidget.cpp
3,311,0.96%,Userland/Applications/ImageViewer/main.cpp
2,237,0.84%,Userland/Applications/KeyboardMapper/KeyboardMapperWidget.cpp
1,271,0.37%,Userland/Applications/KeyboardSettings/KeyboardSettingsWidget.cpp
3,90,3.33%,Userland/Applications/Mail/MailboxTreeModel.cpp
2,44,4.55%,Userland/Applications/Mail/AccountHolder.cpp
18,397,4.53%,Userland/Applications/Mail/MailWidget.cpp
1,54,1.85%,Userland/Applications/MouseSettings/DoubleClickArrowWidget.cpp
2,104,1.92%,Userland/Applications/MouseSettings/MouseWidget.cpp
6,123,4.88%,Userland/Applications/MouseSettings/ThemeWidget.cpp
1,185,0.54%,Userland/Applications/NetworkSettings/NetworkSettingsWidget.cpp
1,31,3.23%,Userland/Applications/PDFViewer/SidebarWidget.cpp
3,391,0.77%,Userland/Applications/PDFViewer/PDFViewerWidget.cpp
1,76,1.32%,Userland/Applications/PartitionEditor/main.cpp
3,53,5.66%,Userland/Applications/Piano/ProcessorParameterWidget/Slider.cpp
2,38,5.26%,Userland/Applications/Piano/ProcessorParameterWidget/ParameterWidget.cpp
5,129,3.88%,Userland/Applications/Piano/AudioPlayerLoop.cpp
4,55,7.27%,Userland/Applications/Piano/SamplerWidget.cpp
2,66,3.03%,Userland/Applications/Piano/TrackManager.cpp
1,45,2.22%,Userland/Applications/Piano/ExportProgressWindow.cpp
3,184,1.63%,Userland/Applications/Piano/MainWidget.cpp
2,217,0.92%,Userland/Applications/Piano/RollWidget.cpp
1,16,6.25%,Userland/Applications/PixelPaint/Filters/GaussBlur3.h
3,48,6.25%,Userland/Applications/PixelPaint/Filters/Median.cpp
2,44,4.55%,Userland/Applications/PixelPaint/Filters/Filter.cpp
1,115,0.87%,Userland/Applications/PixelPaint/Tools/SprayTool.cpp
1,242,0.41%,Userland/Applications/PixelPaint/Tools/TextTool.cpp
1,389,0.26%,Userland/Applications/PixelPaint/Tools/BrushTool.cpp
1,170,0.59%,Userland/Applications/PixelPaint/Tools/LassoSelectTool.cpp
1,72,1.39%,Userland/Applications/PixelPaint/Tools/BucketTool.cpp
1,224,0.45%,Userland/Applications/PixelPaint/Tools/RectangleTool.cpp
2,142,1.41%,Userland/Applications/PixelPaint/Tools/EraseTool.cpp
2,168,1.19%,Userland/Applications/PixelPaint/Tools/GuideTool.cpp
1,199,0.50%,Userland/Applications/PixelPaint/Tools/PolygonalSelectTool.cpp
1,83,1.20%,Userland/Applications/PixelPaint/EditGuideDialog.cpp
4,381,1.05%,Userland/Applications/PixelPaint/ImageMasking.cpp
2,437,0.46%,Userland/Applications/PixelPaint/Layer.cpp
2,791,0.25%,Userland/Applications/PixelPaint/ImageEditor.cpp
10,1315,0.76%,Userland/Applications/PixelPaint/MainWidget.cpp
1,94,1.06%,Userland/Applications/PixelPaint/VectorscopeWidget.h
1,93,1.08%,Userland/Applications/PixelPaint/ToolboxWidget.cpp
2,409,0.49%,Userland/Applications/PixelPaint/LayerListWidget.cpp
1,126,0.79%,Userland/Applications/PixelPaint/VectorscopeWidget.cpp
1,144,0.69%,Userland/Applications/PixelPaint/FilterParams.h
1,32,3.12%,Userland/Applications/PixelPaint/ProjectLoader.cpp
2,127,1.57%,Userland/Applications/PixelPaint/LevelsDialog.cpp
1,103,0.97%,Userland/Applications/PixelPaint/ResizeImageDialog.cpp
1,64,1.56%,Userland/Applications/PixelPaint/ImageProcessor.cpp
2,84,2.38%,Userland/Applications/PixelPaint/FilterGallery.cpp
7,592,1.18%,Userland/Applications/PixelPaint/Image.cpp
1,41,2.44%,Userland/Applications/Presenter/Slide.cpp
2,148,1.35%,Userland/Applications/Presenter/SlideObject.cpp
1,79,1.27%,Userland/Applications/Presenter/SlideObject.h
4,148,2.70%,Userland/Applications/Run/RunWindow.cpp
1,113,0.88%,Userland/Applications/Settings/main.cpp
2,85,2.35%,Userland/Applications/SoundPlayer/Playlist.cpp
11,246,4.47%,Userland/Applications/SoundPlayer/SoundPlayerWidget.cpp
6,78,7.69%,Userland/Applications/SoundPlayer/M3UParser.cpp
1,58,1.72%,Userland/Applications/SoundPlayer/AlbumCoverVisualizationWidget.cpp
3,103,2.91%,Userland/Applications/SoundPlayer/PlaybackManager.cpp
2,38,5.26%,Userland/Applications/SpaceAnalyzer/ProgressWindow.cpp
1,159,0.63%,Userland/Applications/SpaceAnalyzer/main.cpp
1,418,0.24%,Userland/Applications/Spreadsheet/SpreadsheetView.cpp
1,165,0.61%,Userland/Applications/Spreadsheet/Cell.cpp
7,387,1.81%,Userland/Applications/Spreadsheet/CellTypeDialog.cpp
2,137,1.46%,Userland/Applications/Spreadsheet/SpreadsheetView.h
1,342,0.29%,Userland/Applications/Spreadsheet/JSIntegration.cpp
7,226,3.10%,Userland/Applications/Spreadsheet/ImportDialog.cpp
3,204,1.47%,Userland/Applications/Spreadsheet/ExportDialog.cpp
3,169,1.78%,Userland/Applications/Spreadsheet/HelpWindow.cpp
16,641,2.50%,Userland/Applications/Spreadsheet/SpreadsheetWidget.cpp
1,69,1.45%,Userland/Applications/Spreadsheet/Workbook.cpp
4,629,0.64%,Userland/Applications/Spreadsheet/Spreadsheet.cpp
4,564,0.71%,Userland/Applications/SystemMonitor/ProcessModel.cpp
1,96,1.04%,Userland/Applications/SystemMonitor/ProcessStateWidget.cpp
3,124,2.42%,Userland/Applications/SystemMonitor/NetworkStatisticsWidget.cpp
4,540,0.74%,Userland/Applications/SystemMonitor/main.cpp
10,113,8.85%,Userland/Applications/SystemMonitor/MemoryStatsWidget.cpp
3,394,0.76%,Userland/Applications/Terminal/main.cpp
6,37,16.22%,Userland/Applications/TextEditor/FileArgument.cpp
12,826,1.45%,Userland/Applications/TextEditor/MainWidget.cpp
1,604,0.17%,Userland/Applications/ThemeEditor/MainWidget.cpp
3,351,0.85%,Userland/Applications/VideoPlayer/VideoPlayerWidget.cpp
5,493,1.01%,Userland/Applications/Maps/MapWidget.cpp
2,68,2.94%,Userland/Applications/Maps/UsersMapWidget.cpp
1,104,0.96%,Userland/Applications/Maps/SearchPanel.cpp
1,80,1.25%,Userland/Demos/CatDog/main.cpp
3,171,1.75%,Userland/Demos/LibGfxDemo/main.cpp
6,96,6.25%,Userland/Demos/LibGfxScaleDemo/main.cpp
2,401,0.50%,Userland/Demos/Mandelbrot/Mandelbrot.cpp
4,58,6.90%,Userland/Demos/ModelGallery/GalleryWidget.cpp
8,66,12.12%,Userland/Demos/WidgetGallery/DemoWizardDialog.cpp
5,168,2.98%,Userland/Demos/WidgetGallery/GalleryModels.h
15,256,5.86%,Userland/Demos/WidgetGallery/GalleryWidget.cpp
1,93,1.08%,Userland/Demos/Gradient/Gradient.cpp
1,292,0.34%,Userland/DevTools/GMLPlayground/MainWidget.cpp
1,36,2.78%,Userland/DevTools/HackStudio/Debugger/VariablesModel.h
1,278,0.36%,Userland/DevTools/HackStudio/Debugger/Debugger.cpp
1,70,1.43%,Userland/DevTools/HackStudio/Debugger/DisassemblyWidget.cpp
4,116,3.45%,Userland/DevTools/HackStudio/Debugger/RegistersModel.cpp
1,149,0.67%,Userland/DevTools/HackStudio/Debugger/VariablesModel.cpp
2,39,5.13%,Userland/DevTools/HackStudio/Dialogs/Git/GitCommitDialog.cpp
3,169,1.78%,Userland/DevTools/HackStudio/Dialogs/NewProjectDialog.cpp
4,198,2.02%,Userland/DevTools/HackStudio/Git/DiffViewer.cpp
6,151,3.97%,Userland/DevTools/HackStudio/Git/GitWidget.cpp
5,26,19.23%,Userland/DevTools/HackStudio/LanguageServers/Cpp/ConnectionFromClient.h
5,27,18.52%,Userland/DevTools/HackStudio/LanguageServers/Shell/ConnectionFromClient.h
1,134,0.75%,Userland/DevTools/HackStudio/LanguageServers/FileDB.cpp
8,233,3.43%,Userland/DevTools/HackStudio/LanguageClient.cpp
7,45,15.56%,Userland/DevTools/HackStudio/ProjectDeclarations.cpp
10,32,31.25%,Userland/DevTools/HackStudio/ToDoEntries.cpp
7,25,28.00%,Userland/DevTools/HackStudio/ToDoEntries.h
4,20,20.00%,Userland/DevTools/HackStudio/ToDoEntriesWidget.h
7,704,0.99%,Userland/DevTools/HackStudio/Editor.cpp
4,115,3.48%,Userland/DevTools/HackStudio/EditorWrapper.cpp
19,1652,1.15%,Userland/DevTools/HackStudio/HackStudioWidget.cpp
1,64,1.56%,Userland/DevTools/HackStudio/Project.cpp
3,106,2.83%,Userland/DevTools/HackStudio/AutoCompleteResponse.h
1,54,1.85%,Userland/DevTools/HackStudio/ProjectFile.cpp
14,97,14.43%,Userland/DevTools/HackStudio/ToDoEntriesWidget.cpp
1,184,0.54%,Userland/DevTools/HackStudio/main.cpp
1,31,3.23%,Userland/DevTools/HackStudio/GMLPreviewWidget.cpp
3,232,1.29%,Userland/DevTools/HackStudio/HackStudioWidget.h
3,138,2.17%,Userland/DevTools/HackStudio/LanguageClient.h
3,287,1.05%,Userland/DevTools/Profiler/Profile.h
1,24,4.17%,Userland/DevTools/Profiler/Gradient.cpp
3,603,0.50%,Userland/DevTools/Profiler/Profile.cpp
2,101,1.98%,Userland/DevTools/Profiler/SamplesModel.cpp
1,201,0.50%,Userland/DevTools/Profiler/FilesystemEventModel.cpp
1,208,0.48%,Userland/DevTools/Profiler/DisassemblyModel.cpp
8,319,2.51%,Userland/DevTools/Profiler/main.cpp
2,152,1.32%,Userland/DevTools/Profiler/ProfileModel.cpp
6,470,1.28%,Userland/DevTools/SQLStudio/MainWidget.cpp
1,77,1.30%,Userland/DevTools/SQLStudio/ScriptEditor.cpp
1,359,0.28%,Userland/DevTools/UserspaceEmulator/MallocTracer.cpp
2,156,1.28%,Userland/DevTools/UserspaceEmulator/RangeAllocator.cpp
31,307,10.10%,Userland/DevTools/UserspaceEmulator/SoftMMU.cpp
93,621,14.98%,Userland/DevTools/UserspaceEmulator/SoftVPU.cpp
2,137,1.46%,Userland/DevTools/UserspaceEmulator/SoftVPU.h
2,122,1.64%,Userland/DevTools/UserspaceEmulator/SoftMMU.h
215,2808,7.66%,Userland/DevTools/UserspaceEmulator/SoftCPU.cpp
112,1444,7.76%,Userland/DevTools/UserspaceEmulator/SoftFPU.cpp
15,626,2.40%,Userland/DevTools/UserspaceEmulator/Emulator.cpp
16,1431,1.12%,Userland/DevTools/UserspaceEmulator/Emulator_syscalls.cpp
12,277,4.33%,Userland/DevTools/UserspaceEmulator/MmapRegion.cpp
5,468,1.07%,Userland/DevTools/UserspaceEmulator/SoftFPU.h
7,100,7.00%,Userland/DevTools/UserspaceEmulator/main.cpp
1,135,0.74%,Userland/DynamicLoader/main.cpp
2,221,0.90%,Userland/Games/2048/BoardView.cpp
3,56,5.36%,Userland/Games/2048/GameSizeDialog.cpp
3,181,1.66%,Userland/Games/2048/main.cpp
3,572,0.52%,Userland/Games/BrickGame/BrickGame.cpp
5,83,6.02%,Userland/Games/Chess/Engine.cpp
1,175,0.57%,Userland/Games/Chess/main.cpp
5,659,0.76%,Userland/Games/Chess/ChessWidget.cpp
2,126,1.59%,Userland/Games/FlappyBug/Game.cpp
1,154,0.65%,Userland/Games/FlappyBug/Game.h
3,163,1.84%,Userland/Games/Flood/main.cpp
1,165,0.61%,Userland/Games/GameOfLife/main.cpp
8,815,0.98%,Userland/Games/Hearts/Game.cpp
1,121,0.83%,Userland/Games/MasterWord/main.cpp
2,277,0.72%,Userland/Games/MasterWord/WordGame.cpp
6,515,1.17%,Userland/Games/Minesweeper/Field.cpp
1,76,1.32%,Userland/Games/Snake/Skins/ImageSkin.cpp
3,308,0.97%,Userland/Games/Snake/Game.cpp
3,136,2.21%,Userland/Games/Snake/main.cpp
15,593,2.53%,Userland/Games/Solitaire/Game.cpp
6,213,2.82%,Userland/Games/Solitaire/main.cpp
4,245,1.63%,Userland/Games/Spider/main.cpp
9,375,2.40%,Userland/Games/Spider/Game.cpp
1,56,1.79%,Userland/Libraries/LibArchive/Tar.cpp
7,227,3.08%,Userland/Libraries/LibArchive/Zip.cpp
1,261,0.38%,Userland/Libraries/LibArchive/Zip.h
2,134,1.49%,Userland/Libraries/LibArchive/Tar.h
6,542,1.11%,Userland/Libraries/LibAudio/FlacWriter.cpp
3,76,3.95%,Userland/Libraries/LibAudio/FlacWriter.h
2,107,1.87%,Userland/Libraries/LibAudio/QOATypes.h
1,91,1.10%,Userland/Libraries/LibAudio/MP3Types.h
1,50,2.00%,Userland/Libraries/LibAudio/Metadata.h
1,328,0.30%,Userland/Libraries/LibAudio/PlaybackStreamAudioUnit.cpp
1,81,1.23%,Userland/Libraries/LibAudio/MultiChannel.h
1,134,0.75%,Userland/Libraries/LibAudio/ConnectionToServer.cpp
6,787,0.76%,Userland/Libraries/LibAudio/FlacLoader.cpp
1,71,1.41%,Userland/Libraries/LibAudio/GenericTypes.cpp
5,85,5.88%,Userland/Libraries/LibAudio/PlaybackStreamSerenity.cpp
2,80,2.50%,Userland/Libraries/LibAudio/Metadata.cpp
2,198,1.01%,Userland/Libraries/LibAudio/QOALoader.cpp
4,390,1.03%,Userland/Libraries/LibAudio/PulseAudioWrappers.cpp
1,752,0.13%,Userland/Libraries/LibAudio/MP3Loader.cpp
2,124,1.61%,Userland/Libraries/LibAudio/Sample.h
1,106,0.94%,Userland/Libraries/LibAudio/WavWriter.cpp
1,41,2.44%,Userland/Libraries/LibC/arch/x86_64/memset.cpp
1,97,1.03%,Userland/Libraries/LibC/sys/devices/gpu.h
2,96,2.08%,Userland/Libraries/LibC/sys/mman.cpp
1,11,9.09%,Userland/Libraries/LibC/sys/ptrace.h
2,551,0.36%,Userland/Libraries/LibC/scanf.cpp
2,75,2.67%,Userland/Libraries/LibC/setjmp.h
1,12,8.33%,Userland/Libraries/LibC/fnmatch.cpp
4,20,20.00%,Userland/Libraries/LibC/glob.cpp
1,9,11.11%,Userland/Libraries/LibC/paths.h
2,72,2.78%,Userland/Libraries/LibC/dlfcn.cpp
4,30,13.33%,Userland/Libraries/LibC/mntent.cpp
10,1106,0.90%,Userland/Libraries/LibC/stdio.cpp
1,216,0.46%,Userland/Libraries/LibC/signal.cpp
2,19,10.53%,Userland/Libraries/LibC/priority.cpp
1,114,0.88%,Userland/Libraries/LibC/pthread.h
1,101,0.99%,Userland/Libraries/LibC/pthread_cond.cpp
3,646,0.46%,Userland/Libraries/LibC/pthread.cpp
4,962,0.42%,Userland/Libraries/LibC/stdlib.cpp
1,14,7.14%,Userland/Libraries/LibC/resolv.cpp
1,837,0.12%,Userland/Libraries/LibC/netdb.cpp
1,96,1.04%,Userland/Libraries/LibC/search.cpp
1,260,0.38%,Userland/Libraries/LibC/shadow.cpp
18,244,7.38%,Userland/Libraries/LibC/fenv.cpp
1,226,0.44%,Userland/Libraries/LibC/spawn.cpp
2,136,1.47%,Userland/Libraries/LibC/termios.cpp
2,34,5.88%,Userland/Libraries/LibC/ulimit.cpp
3,443,0.68%,Userland/Libraries/LibC/time.cpp
18,529,3.40%,Userland/Libraries/LibC/wchar.cpp
6,224,2.68%,Userland/Libraries/LibC/wstdio.cpp
18,1012,1.78%,Userland/Libraries/LibC/math.cpp
1,579,0.17%,Userland/Libraries/LibC/malloc.cpp
7,897,0.78%,Userland/Libraries/LibC/unistd.cpp
2,138,1.45%,Userland/Libraries/LibCards/CardGame.cpp
1,347,0.29%,Userland/Libraries/LibCards/CardStack.cpp
10,425,2.35%,Userland/Libraries/LibCards/CardPainter.cpp
6,118,5.08%,Userland/Libraries/LibChess/UCIEndpoint.cpp
5,26,19.23%,Userland/Libraries/LibCodeComprehension/Cpp/ConnectionFromClient.h
11,822,1.34%,Userland/Libraries/LibCodeComprehension/Cpp/CppComprehensionEngine.cpp
1,165,0.61%,Userland/Libraries/LibCodeComprehension/Cpp/CppComprehensionEngine.h
1,224,0.45%,Userland/Libraries/LibCodeComprehension/Cpp/Tests.cpp
5,27,18.52%,Userland/Libraries/LibCodeComprehension/Shell/ConnectionFromClient.h
3,196,1.53%,Userland/Libraries/LibCodeComprehension/Shell/ShellComprehensionEngine.cpp
6,32,18.75%,Userland/Libraries/LibCodeComprehension/CodeComprehensionEngine.cpp
5,43,11.63%,Userland/Libraries/LibCodeComprehension/CodeComprehensionEngine.h
2,99,2.02%,Userland/Libraries/LibCodeComprehension/Types.h
1,759,0.13%,Userland/Libraries/LibCompress/Brotli.cpp
2,219,0.91%,Userland/Libraries/LibCompress/Gzip.cpp
1,170,0.59%,Userland/Libraries/LibCompress/Deflate.h
2,438,0.46%,Userland/Libraries/LibCompress/Xz.cpp
2,845,0.24%,Userland/Libraries/LibCompress/Lzma.cpp
2,129,1.55%,Userland/Libraries/LibCompress/Zlib.cpp
4,814,0.49%,Userland/Libraries/LibCompress/Deflate.cpp
1,119,0.84%,Userland/Libraries/LibConfig/Client.cpp
1,31,3.23%,Userland/Libraries/LibCore/ElapsedTimer.h
2,152,1.32%,Userland/Libraries/LibCore/EventReceiver.cpp
2,314,0.64%,Userland/Libraries/LibCore/Account.cpp
2,163,1.23%,Userland/Libraries/LibCore/MimeData.cpp
1,102,0.98%,Userland/Libraries/LibCore/TCPServer.cpp
1,109,0.92%,Userland/Libraries/LibCore/ThreadEventQueue.cpp
1,45,2.22%,Userland/Libraries/LibCore/Proxy.h
2,163,1.23%,Userland/Libraries/LibCore/SharedCircularQueue.h
4,69,5.80%,Userland/Libraries/LibCore/Process.h
1,49,2.04%,Userland/Libraries/LibCore/Command.h
1,140,0.71%,Userland/Libraries/LibCore/Group.cpp
1,47,2.13%,Userland/Libraries/LibCore/MimeData.h
6,435,1.38%,Userland/Libraries/LibCore/EventLoopImplementationUnix.cpp
7,279,2.51%,Userland/Libraries/LibCore/Process.cpp
2,47,4.26%,Userland/Libraries/LibCore/EventLoopImplementation.h
5,1612,0.31%,Userland/Libraries/LibCore/System.cpp
1,101,0.99%,Userland/Libraries/LibCore/Directory.cpp
1,28,3.57%,Userland/Libraries/LibCore/DirectoryEntry.h
1,24,4.17%,Userland/Libraries/LibCore/Debounce.h
1,380,0.26%,Userland/Libraries/LibCore/Socket.h
3,744,0.40%,Userland/Libraries/LibCore/ArgsParser.cpp
1,135,0.74%,Userland/Libraries/LibCoredump/Backtrace.cpp
3,299,1.00%,Userland/Libraries/LibCoredump/Reader.cpp
14,1554,0.90%,Userland/Libraries/LibCpp/Parser.cpp
2,177,1.13%,Userland/Libraries/LibCpp/Parser.h
2,353,0.57%,Userland/Libraries/LibCpp/Preprocessor.cpp
3,157,1.91%,Userland/Libraries/LibCpp/SemanticSyntaxHighlighter.cpp
1,100,1.00%,Userland/Libraries/LibCpp/SyntaxHighlighter.cpp
1,115,0.87%,Userland/Libraries/LibCrypto/ASN1/PEM.cpp
4,207,1.93%,Userland/Libraries/LibCrypto/ASN1/ASN1.cpp
1,96,1.04%,Userland/Libraries/LibCrypto/Authentication/HMAC.h
3,190,1.58%,Userland/Libraries/LibCrypto/BigFraction/BigFraction.cpp
1,39,2.56%,Userland/Libraries/LibCrypto/BigFraction/BigFraction.h
1,205,0.49%,Userland/Libraries/LibCrypto/BigInt/Algorithms/BitwiseOperations.cpp
1,277,0.36%,Userland/Libraries/LibCrypto/BigInt/SignedBigInteger.cpp
1,57,1.75%,Userland/Libraries/LibCrypto/Checksum/CRC8.h
3,124,2.42%,Userland/Libraries/LibCrypto/Checksum/CRC32.cpp
1,61,1.64%,Userland/Libraries/LibCrypto/Checksum/CRC16.h
2,99,2.02%,Userland/Libraries/LibCrypto/Cipher/Mode/CBC.h
4,157,2.55%,Userland/Libraries/LibCrypto/Cipher/Mode/CTR.h
1,110,0.91%,Userland/Libraries/LibCrypto/Cipher/Mode/GCM.h
3,81,3.70%,Userland/Libraries/LibCrypto/Cipher/Mode/Mode.h
1,325,0.31%,Userland/Libraries/LibCrypto/Cipher/AES.cpp
1,92,1.09%,Userland/Libraries/LibCrypto/Cipher/Cipher.h
1,471,0.21%,Userland/Libraries/LibCrypto/Curves/SECPxxxr1.h
5,308,1.62%,Userland/Libraries/LibCrypto/Hash/SHA2.cpp
1,187,0.53%,Userland/Libraries/LibCrypto/Hash/SHA2.h
2,179,1.12%,Userland/Libraries/LibCrypto/NumberTheory/ModularFunctions.cpp
2,126,1.59%,Userland/Libraries/LibCrypto/PK/Code/EMSA_PSS.h
5,312,1.60%,Userland/Libraries/LibCrypto/PK/RSA.cpp
1,36,2.78%,Userland/Libraries/LibCrypto/PK/PK.h
4,150,2.67%,Userland/Libraries/LibDNS/Packet.cpp
1,37,2.70%,Userland/Libraries/LibDSP/Transport.h
1,34,2.94%,Userland/Libraries/LibDSP/Clip.cpp
1,51,1.96%,Userland/Libraries/LibDSP/Clip.h
1,157,0.64%,Userland/Libraries/LibDSP/ProcessorParameter.h
2,164,1.22%,Userland/Libraries/LibDSP/Track.cpp
1,86,1.16%,Userland/Libraries/LibDSP/Track.h
1,107,0.93%,Userland/Libraries/LibDebug/Dwarf/CompilationUnit.cpp
2,360,0.56%,Userland/Libraries/LibDebug/Dwarf/DwarfInfo.cpp
1,56,1.79%,Userland/Libraries/LibDebug/Dwarf/AbbreviationsMap.cpp
1,81,1.23%,Userland/Libraries/LibDebug/Dwarf/DIE.cpp
1,36,2.78%,Userland/Libraries/LibDebug/Dwarf/AddressRanges.h
6,384,1.56%,Userland/Libraries/LibDebug/DebugInfo.cpp
7,420,1.67%,Userland/Libraries/LibDebug/DebugSession.cpp
7,267,2.62%,Userland/Libraries/LibDebug/DebugSession.h
1,51,1.96%,Userland/Libraries/LibDebug/ProcessInspector.cpp
2,147,1.36%,Userland/Libraries/LibDesktop/AppFile.cpp
2,100,2.00%,Userland/Libraries/LibDesktop/Launcher.cpp
1,139,0.72%,Userland/Libraries/LibDiff/Hunks.cpp
3,953,0.31%,Userland/Libraries/LibEDID/EDID.cpp
3,566,0.53%,Userland/Libraries/LibELF/DynamicLinker.cpp
5,465,1.08%,Userland/Libraries/LibELF/DynamicObject.cpp
1,412,0.24%,Userland/Libraries/LibELF/Image.cpp
1,788,0.13%,Userland/Libraries/LibELF/ELFABI.h
3,292,1.03%,Userland/Libraries/LibELF/Validation.cpp
5,101,4.95%,Userland/Libraries/LibELF/ELFBuild.cpp
4,660,0.61%,Userland/Libraries/LibELF/DynamicLoader.cpp
1,145,0.69%,Userland/Libraries/LibFileSystemAccessClient/Client.cpp
1,20,5.00%,Userland/Libraries/LibGL/Buffer/Buffer.h
1,40,2.50%,Userland/Libraries/LibGL/Tex/Texture2D.cpp
1,83,1.20%,Userland/Libraries/LibGL/Buffer.cpp
1,44,2.27%,Userland/Libraries/LibGL/ClipPlane.cpp
1,610,0.16%,Userland/Libraries/LibGL/ContextParameter.cpp
1,136,0.74%,Userland/Libraries/LibGL/List.cpp
18,150,12.00%,Userland/Libraries/LibGL/Shader.cpp
12,843,1.42%,Userland/Libraries/LibGL/Texture.cpp
1,274,0.36%,Userland/Libraries/LibGL/Image.cpp
20,773,2.59%,Userland/Libraries/LibGL/GLContext.cpp
2,518,0.39%,Userland/Libraries/LibGL/GLContext.h
2,264,0.76%,Userland/Libraries/LibGL/Vertex.cpp
1,24,4.17%,Userland/Libraries/LibGLSL/LinkedShader.h
1,10,10.00%,Userland/Libraries/LibGLSL/ObjectFile.h
1,13,7.69%,Userland/Libraries/LibGLSL/Compiler.cpp
1,24,4.17%,Userland/Libraries/LibGLSL/Linker.cpp
2,355,0.56%,Userland/Libraries/LibGLSL/Preprocessor.cpp
2,13,15.38%,Userland/Libraries/LibGPU/Config.h
1,55,1.82%,Userland/Libraries/LibGPU/Driver.cpp
2,283,0.71%,Userland/Libraries/LibGUI/GML/AST.h
5,200,2.50%,Userland/Libraries/LibGUI/GML/AutocompleteProvider.cpp
1,322,0.31%,Userland/Libraries/LibGUI/AbstractScrollableWidget.cpp
3,447,0.67%,Userland/Libraries/LibGUI/AbstractTableView.cpp
5,160,3.12%,Userland/Libraries/LibGUI/AbstractThemePreview.cpp
3,690,0.43%,Userland/Libraries/LibGUI/AbstractView.cpp
1,282,0.35%,Userland/Libraries/LibGUI/Action.cpp
1,330,0.30%,Userland/Libraries/LibGUI/Application.cpp
3,164,1.83%,Userland/Libraries/LibGUI/AutocompleteProvider.cpp
1,313,0.32%,Userland/Libraries/LibGUI/BoxLayout.cpp
1,177,0.56%,Userland/Libraries/LibGUI/Breadcrumbbar.cpp
1,255,0.39%,Userland/Libraries/LibGUI/Button.cpp
3,771,0.39%,Userland/Libraries/LibGUI/Calendar.cpp
7,161,4.35%,Userland/Libraries/LibGUI/Clipboard.cpp
4,629,0.64%,Userland/Libraries/LibGUI/ColorPicker.cpp
2,386,0.52%,Userland/Libraries/LibGUI/ColumnsView.cpp
1,53,1.89%,Userland/Libraries/LibGUI/ColumnsView.h
1,276,0.36%,Userland/Libraries/LibGUI/ComboBox.cpp
1,237,0.42%,Userland/Libraries/LibGUI/CommandPalette.cpp
28,187,14.97%,Userland/Libraries/LibGUI/CommonActions.cpp
1,81,1.23%,Userland/Libraries/LibGUI/ConnectionToWindowManagerServer.cpp
1,338,0.30%,Userland/Libraries/LibGUI/ConnectionToWindowServer.cpp
2,82,2.44%,Userland/Libraries/LibGUI/DragOperation.cpp
2,173,1.16%,Userland/Libraries/LibGUI/EmojiInputDialog.cpp
5,264,1.89%,Userland/Libraries/LibGUI/FileIconProvider.cpp
6,312,1.92%,Userland/Libraries/LibGUI/FilePicker.cpp
1,762,0.13%,Userland/Libraries/LibGUI/FileSystemModel.cpp
2,186,1.08%,Userland/Libraries/LibGUI/FontPicker.cpp
5,386,1.30%,Userland/Libraries/LibGUI/HeaderView.cpp
2,698,0.29%,Userland/Libraries/LibGUI/IconView.cpp
4,105,3.81%,Userland/Libraries/LibGUI/ImageWidget.cpp
2,115,1.74%,Userland/Libraries/LibGUI/IncrementalSearchBanner.cpp
1,217,0.46%,Userland/Libraries/LibGUI/Toolbar.cpp
1,83,1.20%,Userland/Libraries/LibGUI/ModelSelection.h
5,1182,0.42%,Userland/Libraries/LibGUI/Window.cpp
1,1110,0.09%,Userland/Libraries/LibGUI/Widget.cpp
1,370,0.27%,Userland/Libraries/LibGUI/Widget.h
10,2245,0.45%,Userland/Libraries/LibGUI/TextEditor.cpp
5,689,0.73%,Userland/Libraries/LibGUI/TreeView.cpp
6,89,6.74%,Userland/Libraries/LibGUI/Variant.cpp
1,152,0.66%,Userland/Libraries/LibGUI/OpacitySlider.cpp
2,230,0.87%,Userland/Libraries/LibGUI/SortingProxyModel.cpp
1,72,1.39%,Userland/Libraries/LibGUI/Notification.cpp
3,129,2.33%,Userland/Libraries/LibGUI/MultiView.cpp
2,934,0.21%,Userland/Libraries/LibGUI/TextDocument.cpp
2,124,1.61%,Userland/Libraries/LibGUI/SpinBox.cpp
4,1297,0.31%,Userland/Libraries/LibGUI/VimEditingEngine.cpp
2,391,0.51%,Userland/Libraries/LibGUI/Model.cpp
1,139,0.72%,Userland/Libraries/LibGUI/VimEditingEngine.h
1,185,0.54%,Userland/Libraries/LibGUI/ValueSlider.cpp
4,55,7.27%,Userland/Libraries/LibGUI/PasswordInputDialog.cpp
2,218,0.92%,Userland/Libraries/LibGUI/Object.h
1,86,1.16%,Userland/Libraries/LibGUI/DynamicWidgetContainer.h
5,365,1.37%,Userland/Libraries/LibGUI/DynamicWidgetContainer.cpp
1,82,1.22%,Userland/Libraries/LibGemini/Line.cpp
3,234,1.28%,Userland/Libraries/LibGemini/Job.cpp
1,48,2.08%,Userland/Libraries/LibGfx/ImageFormats/PortableFormatWriter.cpp
2,1227,0.16%,Userland/Libraries/LibGfx/ImageFormats/PNGLoader.cpp
1,31,3.23%,Userland/Libraries/LibGfx/ImageFormats/PNGWriter.h
4,849,0.47%,Userland/Libraries/LibGfx/ImageFormats/WebPLoaderLossy.cpp
5,1195,0.42%,Userland/Libraries/LibGfx/ImageFormats/BMPLoader.cpp
1,188,0.53%,Userland/Libraries/LibGfx/ImageFormats/QOILoader.cpp
3,461,0.65%,Userland/Libraries/LibGfx/ImageFormats/TIFFLoader.cpp
2,1524,0.13%,Userland/Libraries/LibGfx/ImageFormats/JPEGLoader.cpp
2,159,1.26%,Userland/Libraries/LibGfx/ImageFormats/PortableImageLoaderCommon.h
50,2069,2.42%,Userland/Libraries/LibGfx/ImageFormats/JPEGXLLoader.cpp
2,168,1.19%,Userland/Libraries/LibGfx/ImageFormats/QOIWriter.cpp
1,193,0.52%,Userland/Libraries/LibGfx/ImageFormats/ICOLoader.cpp
3,197,1.52%,Userland/Libraries/LibGfx/ImageFormats/TGALoader.cpp
1,61,1.64%,Userland/Libraries/LibGfx/ImageFormats/TinyVGLoader.h
1,94,1.06%,Userland/Libraries/LibGfx/ImageFormats/ImageDecoder.cpp
1,573,0.17%,Userland/Libraries/LibGfx/ImageFormats/DDSLoader.cpp
3,567,0.53%,Userland/Libraries/LibGfx/ImageFormats/WebPLoader.cpp
2,531,0.38%,Userland/Libraries/LibGfx/ImageFormats/TinyVGLoader.cpp
1,240,0.42%,Userland/Libraries/LibGfx/Filters/StackBlurFilter.cpp
6,116,5.17%,Userland/Libraries/LibGfx/Filters/GenericConvolutionFilter.h
1,119,0.84%,Userland/Libraries/LibGfx/Font/OpenType/Hinting/Opcodes.cpp
9,298,3.02%,Userland/Libraries/LibGfx/Font/OpenType/Glyf.cpp
3,57,5.26%,Userland/Libraries/LibGfx/Font/OpenType/DataTypes.h
23,606,3.80%,Userland/Libraries/LibGfx/Font/OpenType/Tables.cpp
1,164,0.61%,Userland/Libraries/LibGfx/Font/OpenType/Cmap.cpp
10,545,1.83%,Userland/Libraries/LibGfx/Font/OpenType/Font.cpp
5,823,0.61%,Userland/Libraries/LibGfx/Font/WOFF2/Font.cpp
6,89,6.74%,Userland/Libraries/LibGfx/Font/ScaledFont.h
1,222,0.45%,Userland/Libraries/LibGfx/Font/FontDatabase.cpp
1,23,4.35%,Userland/Libraries/LibGfx/Font/VectorFont.cpp
1,379,0.26%,Userland/Libraries/LibGfx/Font/BitmapFont.cpp
2,160,1.25%,Userland/Libraries/LibGfx/Font/Font.h
3,850,0.35%,Userland/Libraries/LibGfx/ICC/TagTypes.cpp
2,176,1.14%,Userland/Libraries/LibGfx/ICC/Profile.h
35,872,4.01%,Userland/Libraries/LibGfx/ICC/Profile.cpp
6,887,0.68%,Userland/Libraries/LibGfx/ICC/TagTypes.h
6,582,1.03%,Userland/Libraries/LibGfx/ICC/BinaryWriter.cpp
2,58,3.45%,Userland/Libraries/LibGfx/ICC/WellKnownProfiles.cpp
1,78,1.28%,Userland/Libraries/LibGfx/Matrix4x4.h
28,2118,1.32%,Userland/Libraries/LibGfx/Painter.cpp
2,255,0.78%,Userland/Libraries/LibGfx/DisjointRectSet.h
2,937,0.21%,Userland/Libraries/LibGfx/Rect.h
5,578,0.87%,Userland/Libraries/LibGfx/Bitmap.cpp
2,206,0.97%,Userland/Libraries/LibGfx/TextLayout.cpp
2,209,0.96%,Userland/Libraries/LibGfx/ClassicWindowTheme.cpp
3,523,0.57%,Userland/Libraries/LibGfx/Path.cpp
1,45,2.22%,Userland/Libraries/LibGfx/Quad.h
1,296,0.34%,Userland/Libraries/LibGfx/Bitmap.h
1,103,0.97%,Userland/Libraries/LibGfx/TextLayout.h
1,29,3.45%,Userland/Libraries/LibGfx/TextDirection.cpp
1,87,1.15%,Userland/Libraries/LibGfx/TextDirection.h
1,271,0.37%,Userland/Libraries/LibGfx/SystemTheme.h
5,301,1.66%,Userland/Libraries/LibGfx/EdgeFlagPathRasterizer.cpp
8,452,1.77%,Userland/Libraries/LibGfx/GradientPainting.cpp
7,466,1.50%,Userland/Libraries/LibGfx/AntiAliasingPainter.cpp
4,523,0.76%,Userland/Libraries/LibGfx/ClassicStylePainter.cpp
4,161,2.48%,Userland/Libraries/LibGfx/Line.h
2,57,3.51%,Userland/Libraries/LibGfx/StylePainter.h
4,267,1.50%,Userland/Libraries/LibHTTP/HttpRequest.cpp
5,498,1.00%,Userland/Libraries/LibHTTP/Job.cpp
8,198,4.04%,Userland/Libraries/LibIDL/Types.cpp
8,929,0.86%,Userland/Libraries/LibIDL/IDLParser.cpp
3,318,0.94%,Userland/Libraries/LibIDL/Types.h
1,403,0.25%,Userland/Libraries/LibIMAP/Client.cpp
3,213,1.41%,Userland/Libraries/LibIPC/Connection.cpp
2,131,1.53%,Userland/Libraries/LibIPC/Connection.h
1,57,1.75%,Userland/Libraries/LibIPC/ConnectionFromClient.h
2,481,0.42%,Userland/Libraries/LibJS/Bytecode/Generator.cpp
1,173,0.58%,Userland/Libraries/LibJS/Bytecode/Instruction.h
11,1433,0.77%,Userland/Libraries/LibJS/Bytecode/Interpreter.cpp
4,603,0.66%,Userland/Libraries/LibJS/Bytecode/CommonImplementations.cpp
2,1276,0.16%,Userland/Libraries/LibJS/Bytecode/Op.h
18,2306,0.78%,Userland/Libraries/LibJS/Bytecode/ASTCodegen.cpp
3,36,8.33%,Userland/Libraries/LibJS/Contrib/Test262/AgentObject.cpp
1,506,0.20%,Userland/Libraries/LibJS/Heap/Heap.cpp
1,164,0.61%,Userland/Libraries/LibJS/Heap/Heap.h
3,201,1.49%,Userland/Libraries/LibJS/Runtime/Intl/Locale.cpp
1,74,1.35%,Userland/Libraries/LibJS/Runtime/Intl/Locale.h
4,658,0.61%,Userland/Libraries/LibJS/Runtime/Intl/DateTimeFormat.cpp
6,1165,0.52%,Userland/Libraries/LibJS/Runtime/Intl/NumberFormat.cpp
1,309,0.32%,Userland/Libraries/LibJS/Runtime/Intl/MathematicalValue.cpp
1,334,0.30%,Userland/Libraries/LibJS/Runtime/Intl/DurationFormat.cpp
2,103,1.94%,Userland/Libraries/LibJS/Runtime/Intl/Segmenter.cpp
1,54,1.85%,Userland/Libraries/LibJS/Runtime/Intl/CollatorCompareFunction.cpp
1,153,0.65%,Userland/Libraries/LibJS/Runtime/Intl/RelativeTimeFormat.cpp
2,261,0.77%,Userland/Libraries/LibJS/Runtime/Temporal/TimeZone.cpp
1,994,0.10%,Userland/Libraries/LibJS/Runtime/Temporal/AbstractOperations.cpp
2,848,0.24%,Userland/Libraries/LibJS/Runtime/Temporal/Duration.cpp
1,136,0.74%,Userland/Libraries/LibJS/Runtime/Temporal/Now.cpp
6,800,0.75%,Userland/Libraries/LibJS/Runtime/AbstractOperations.cpp
1,99,1.01%,Userland/Libraries/LibJS/Runtime/ArgumentsObject.cpp
2,164,1.22%,Userland/Libraries/LibJS/Runtime/Array.cpp
21,154,13.64%,Userland/Libraries/LibJS/Runtime/ArrayBuffer.cpp
16,256,6.25%,Userland/Libraries/LibJS/Runtime/ArrayBuffer.h
3,286,1.05%,Userland/Libraries/LibJS/Runtime/ArrayConstructor.cpp
1,77,1.30%,Userland/Libraries/LibJS/Runtime/ArrayIteratorPrototype.cpp
1,1130,0.09%,Userland/Libraries/LibJS/Runtime/ArrayPrototype.cpp
2,111,1.80%,Userland/Libraries/LibJS/Runtime/AsyncFunctionDriverWrapper.cpp
3,270,1.11%,Userland/Libraries/LibJS/Runtime/AsyncGenerator.cpp
4,335,1.19%,Userland/Libraries/LibJS/Runtime/AtomicsObject.cpp
2,62,3.23%,Userland/Libraries/LibJS/Runtime/BigIntConstructor.cpp
1,60,1.67%,Userland/Libraries/LibJS/Runtime/BoundFunction.cpp
6,61,9.84%,Userland/Libraries/LibJS/Runtime/Completion.cpp
1,284,0.35%,Userland/Libraries/LibJS/Runtime/Completion.h
3,389,0.77%,Userland/Libraries/LibJS/Runtime/Date.cpp
1,249,0.40%,Userland/Libraries/LibJS/Runtime/DateConstructor.cpp
4,685,0.58%,Userland/Libraries/LibJS/Runtime/ECMAScriptFunctionObject.cpp
1,152,0.66%,Userland/Libraries/LibJS/Runtime/Error.cpp
1,353,0.28%,Userland/Libraries/LibJS/Runtime/ErrorTypes.h
1,63,1.59%,Userland/Libraries/LibJS/Runtime/ExecutionContext.h
2,136,1.47%,Userland/Libraries/LibJS/Runtime/FunctionConstructor.cpp
3,103,2.91%,Userland/Libraries/LibJS/Runtime/FunctionPrototype.cpp
1,26,3.85%,Userland/Libraries/LibJS/Runtime/FunctionPrototype.h
1,413,0.24%,Userland/Libraries/LibJS/Runtime/GlobalObject.cpp
1,357,0.28%,Userland/Libraries/LibJS/Runtime/Intrinsics.cpp
8,697,1.15%,Userland/Libraries/LibJS/Runtime/VM.cpp
2,136,1.47%,Userland/Libraries/LibJS/Runtime/GeneratorObject.cpp
1,232,0.43%,Userland/Libraries/LibJS/Runtime/VM.h
1,80,1.25%,Userland/Libraries/LibJS/Runtime/ModuleEnvironment.cpp
1,32,3.12%,Userland/Libraries/LibJS/Runtime/ModuleEnvironment.h
1,32,3.12%,Userland/Libraries/LibJS/Runtime/ModuleNamespaceObject.h
1,127,0.79%,Userland/Libraries/LibJS/Runtime/NativeFunction.cpp
4,808,0.50%,Userland/Libraries/LibJS/Runtime/Object.cpp
2,301,0.66%,Userland/Libraries/LibJS/Runtime/ObjectConstructor.cpp
2,93,2.15%,Userland/Libraries/LibJS/Runtime/ObjectEnvironment.cpp
1,199,0.50%,Userland/Libraries/LibJS/Runtime/ObjectPrototype.cpp
1,39,2.56%,Userland/Libraries/LibJS/Runtime/PrivateEnvironment.cpp
1,101,0.99%,Userland/Libraries/LibJS/Runtime/PromiseJobs.cpp
1,203,0.49%,Userland/Libraries/LibJS/Runtime/PropertyKey.h
1,108,0.93%,Userland/Libraries/LibJS/Runtime/Reference.cpp
1,112,0.89%,Userland/Libraries/LibJS/Runtime/Reference.h
1,234,0.43%,Userland/Libraries/LibJS/Runtime/RegExpObject.cpp
1,54,1.85%,Userland/Libraries/LibJS/Runtime/RegExpObject.h
1,35,2.86%,Userland/Libraries/LibJS/Runtime/Set.cpp
1,861,0.12%,Userland/Libraries/LibJS/Runtime/StringPrototype.cpp
2,33,6.06%,Userland/Libraries/LibJS/Runtime/ValueTraits.h
1,40,2.50%,Userland/Libraries/LibJS/Runtime/ShadowRealmConstructor.cpp
2,12,16.67%,Userland/Libraries/LibJS/Runtime/Agent.cpp
1,435,0.23%,Userland/Libraries/LibJS/Runtime/TypedArray.cpp
3,147,2.04%,Userland/Libraries/LibJS/Runtime/ShadowRealm.cpp
1,29,3.45%,Userland/Libraries/LibJS/Runtime/WrappedFunction.h
2,103,1.94%,Userland/Libraries/LibJS/Runtime/DisposableStackPrototype.cpp
2,253,0.79%,Userland/Libraries/LibJS/Runtime/Shape.cpp
1,135,0.74%,Userland/Libraries/LibJS/Runtime/StringOrSymbol.h
1,1342,0.07%,Userland/Libraries/LibJS/Runtime/Value.cpp
3,1055,0.28%,Userland/Libraries/LibJS/Runtime/TypedArrayPrototype.cpp
1,296,0.34%,Userland/Libraries/LibJS/Runtime/SetPrototype.cpp
4,335,1.19%,Userland/Libraries/LibJS/Runtime/TypedArray.h
2,145,1.38%,Userland/Libraries/LibJS/Tests/builtins/Date/Date.parse.js
1,50,2.00%,Userland/Libraries/LibJS/Tests/builtins/Function/Function.js
2,189,1.06%,Userland/Libraries/LibJS/Tests/builtins/Intl/DateTimeFormat/DateTimeFormat.prototype.formatRange.js
2,501,0.40%,Userland/Libraries/LibJS/Tests/builtins/Intl/DateTimeFormat/DateTimeFormat.prototype.formatRangeToParts.js
1,451,0.22%,Userland/Libraries/LibJS/Tests/builtins/Intl/DateTimeFormat/DateTimeFormat.prototype.format.js
1,37,2.70%,Userland/Libraries/LibJS/Tests/builtins/Intl/Locale/Locale.prototype.firstDayOfWeek.js
2,132,1.52%,Userland/Libraries/LibJS/Tests/builtins/Intl/Segmenter/Segmenter.prototype.segment.js
2,47,4.26%,Userland/Libraries/LibJS/Tests/builtins/Proxy/Proxy.handler-ownKeys.js
1,22,4.55%,Userland/Libraries/LibJS/Tests/builtins/Symbol/Symbol.keyFor.js
1,65,1.54%,Userland/Libraries/LibJS/Tests/builtins/Temporal/Calendar/Calendar.from.js
1,97,1.03%,Userland/Libraries/LibJS/Tests/builtins/Temporal/Duration/Duration.from.js
1,39,2.56%,Userland/Libraries/LibJS/Tests/builtins/Temporal/Now/Now.plainTimeISO.js
1,75,1.33%,Userland/Libraries/LibJS/Tests/builtins/Temporal/Now/Now.plainDateTimeISO.js
1,85,1.18%,Userland/Libraries/LibJS/Tests/builtins/Temporal/Now/Now.plainDateTime.js
1,84,1.19%,Userland/Libraries/LibJS/Tests/builtins/Temporal/TimeZone/TimeZone.js
1,122,0.82%,Userland/Libraries/LibJS/Tests/builtins/TypedArray/TypedArray.prototype.set.js
1,43,2.33%,Userland/Libraries/LibJS/Tests/numeric-literals-basic.js
1,57,1.75%,Userland/Libraries/LibJS/Tests/parseInt.js
1,354,0.28%,Userland/Libraries/LibJS/Tests/test-common-tests.js
2,587,0.34%,Userland/Libraries/LibJS/Tests/test-common.js
4,2974,0.13%,Userland/Libraries/LibJS/JIT/Compiler.cpp
3,222,1.35%,Userland/Libraries/LibJS/MarkupGenerator.cpp
4,465,0.86%,Userland/Libraries/LibJS/Console.cpp
1,87,1.15%,Userland/Libraries/LibJS/SyntheticModule.cpp
2,780,0.26%,Userland/Libraries/LibJS/Lexer.cpp
1,104,0.96%,Userland/Libraries/LibJS/Module.cpp
6,4178,0.14%,Userland/Libraries/LibJS/Parser.cpp
4,992,0.40%,Userland/Libraries/LibJS/Print.cpp
1,108,0.93%,Userland/Libraries/LibJS/SourceCode.cpp
11,376,2.93%,Userland/Libraries/LibJS/SourceTextModule.cpp
5,1517,0.33%,Userland/Libraries/LibJS/AST.cpp
5,442,1.13%,Userland/Libraries/LibJS/CyclicModule.cpp
2,426,0.47%,Userland/Libraries/LibLine/Editor.h
20,1898,1.05%,Userland/Libraries/LibLine/Editor.cpp
18,488,3.69%,Userland/Libraries/LibLine/InternalFunctions.cpp
2,756,0.26%,Userland/Libraries/LibLocale/Locale.cpp
1,84,1.19%,Userland/Libraries/LibMarkdown/SyntaxHighlighter.cpp
1,56,1.79%,Userland/Libraries/LibMarkdown/CommentBlock.cpp
2,209,0.96%,Userland/Libraries/LibMarkdown/Table.cpp
1,593,0.17%,Userland/Libraries/LibMarkdown/Text.cpp
2,98,2.04%,Userland/Libraries/LibPDF/Fonts/Type1Font.cpp
1,865,0.12%,Userland/Libraries/LibPDF/Fonts/CFF.cpp
1,64,1.56%,Userland/Libraries/LibPDF/Fonts/SimpleFont.cpp
4,126,3.17%,Userland/Libraries/LibPDF/Fonts/Type0Font.cpp
4,603,0.66%,Userland/Libraries/LibPDF/Fonts/Type1FontProgram.cpp
3,51,5.88%,Userland/Libraries/LibPDF/Fonts/Type3Font.cpp
1,54,1.85%,Userland/Libraries/LibPDF/Fonts/TrueTypeFont.cpp
2,505,0.40%,Userland/Libraries/LibPDF/Parser.cpp
5,515,0.97%,Userland/Libraries/LibPDF/Document.cpp
9,582,1.55%,Userland/Libraries/LibPDF/ColorSpace.cpp
2,643,0.31%,Userland/Libraries/LibPDF/DocumentParser.cpp
1,145,0.69%,Userland/Libraries/LibPDF/Encoding.cpp
9,639,1.41%,Userland/Libraries/LibPDF/Encoding.h
24,492,4.88%,Userland/Libraries/LibPDF/Encryption.cpp
1,95,1.05%,Userland/Libraries/LibPDF/Error.h
6,875,0.69%,Userland/Libraries/LibPDF/Function.cpp
2,204,0.98%,Userland/Libraries/LibPDF/Document.h
34,1026,3.31%,Userland/Libraries/LibPDF/Renderer.cpp
1,190,0.53%,Userland/Libraries/LibPDF/Filter.cpp
2,57,3.51%,Userland/Libraries/LibPartition/EBRPartitionTable.cpp
2,97,2.06%,Userland/Libraries/LibPartition/GUIDPartitionTable.cpp
5,101,4.95%,Userland/Libraries/LibPartition/MBRPartitionTable.cpp
4,112,3.57%,Userland/Libraries/LibProtocol/Request.cpp
1,62,1.61%,Userland/Libraries/LibProtocol/WebSocket.cpp
1,940,0.11%,Userland/Libraries/LibRegex/RegexByteCode.cpp
1,713,0.14%,Userland/Libraries/LibRegex/RegexByteCode.h
10,609,1.64%,Userland/Libraries/LibRegex/RegexMatch.h
2,449,0.45%,Userland/Libraries/LibRegex/RegexMatcher.cpp
6,1164,0.52%,Userland/Libraries/LibRegex/RegexOptimizer.cpp
1,245,0.41%,Userland/Libraries/LibRegex/RegexMatcher.h
7,2168,0.32%,Userland/Libraries/LibRegex/RegexParser.cpp
1,29,3.45%,Userland/Libraries/LibSQL/AST/Delete.cpp
1,18,5.56%,Userland/Libraries/LibSQL/AST/Statement.cpp
1,210,0.48%,Userland/Libraries/LibSQL/AST/Expression.cpp
1,317,0.32%,Userland/Libraries/LibSQL/AST/Lexer.cpp
15,878,1.71%,Userland/Libraries/LibSQL/AST/Parser.cpp
3,139,2.16%,Userland/Libraries/LibSQL/AST/Select.cpp
2,293,0.68%,Userland/Libraries/LibSQL/Heap.cpp
3,140,2.14%,Userland/Libraries/LibSQL/Serializer.h
4,123,3.25%,Userland/Libraries/LibSQL/Heap.h
5,202,2.48%,Userland/Libraries/LibSQL/Database.cpp
1,749,0.13%,Userland/Libraries/LibSQL/Value.cpp
6,203,2.96%,Userland/Libraries/LibSQL/Meta.cpp
1,192,0.52%,Userland/Libraries/LibSQL/BTreeIterator.cpp
1,37,2.70%,Userland/Libraries/LibSQL/Row.h
2,442,0.45%,Userland/Libraries/LibSanitizer/UBSanitizer.cpp
2,49,4.08%,Userland/Libraries/LibSoftGPU/Buffer/FrameBuffer.h
1,29,3.45%,Userland/Libraries/LibSoftGPU/Config.h
5,372,1.34%,Userland/Libraries/LibSoftGPU/PixelConverter.cpp
4,190,2.11%,Userland/Libraries/LibSoftGPU/Sampler.cpp
1,12,8.33%,Userland/Libraries/LibSoftGPU/ShaderCompiler.cpp
3,165,1.82%,Userland/Libraries/LibSoftGPU/Image.cpp
2,146,1.37%,Userland/Libraries/LibSoftGPU/Clipper.cpp
12,1380,0.87%,Userland/Libraries/LibSoftGPU/Device.cpp
1,235,0.43%,Userland/Libraries/LibSymbolication/Symbolication.cpp
3,316,0.95%,Userland/Libraries/LibSyntax/Document.cpp
2,131,1.53%,Userland/Libraries/LibSyntax/Highlighter.h
1,90,1.11%,Userland/Libraries/LibTLS/HandshakeCertificate.cpp
1,439,0.23%,Userland/Libraries/LibTLS/Record.cpp
7,352,1.99%,Userland/Libraries/LibTLS/HandshakeClient.cpp
8,508,1.57%,Userland/Libraries/LibTLS/TLSv12.cpp
3,76,3.95%,Userland/Libraries/LibTLS/TLSPacketBuilder.h
5,466,1.07%,Userland/Libraries/LibTLS/Handshake.cpp
5,443,1.13%,Userland/Libraries/LibTLS/HandshakeServer.cpp
1,573,0.17%,Userland/Libraries/LibTLS/Certificate.cpp
3,250,1.20%,Userland/Libraries/LibTLS/Socket.cpp
1,174,0.57%,Userland/Libraries/LibTest/Randomized/ShrinkCommand.h
1,505,0.20%,Userland/Libraries/LibTest/JavaScriptTestRunner.h
2,593,0.34%,Userland/Libraries/LibTextCodec/Decoder.cpp
2,71,2.82%,Userland/Libraries/LibThreading/Mutex.h
1,94,1.06%,Userland/Libraries/LibThreading/BackgroundAction.h
1,101,0.99%,Userland/Libraries/LibThreading/Thread.cpp
2,190,1.05%,Userland/Libraries/LibTimeZone/TimeZone.cpp
1,36,2.78%,Userland/Libraries/LibUnicode/URL.cpp
2,266,0.75%,Userland/Libraries/LibUnicode/UnicodeUtils.cpp
2,168,1.19%,Userland/Libraries/LibUnicode/IDNA.cpp
1,244,0.41%,Userland/Libraries/LibUnicode/Normalize.cpp
1,50,2.00%,Userland/Libraries/LibVT/CharacterSet.h
1,118,0.85%,Userland/Libraries/LibVT/Line.cpp
1,307,0.33%,Userland/Libraries/LibVT/Terminal.h
6,1156,0.52%,Userland/Libraries/LibVT/TerminalWidget.cpp
11,1447,0.76%,Userland/Libraries/LibVT/Terminal.cpp
1,211,0.47%,Userland/Libraries/LibVideo/Color/ColorConverter.h
1,128,0.78%,Userland/Libraries/LibVideo/Containers/Matroska/MatroskaDemuxer.cpp
1,37,2.70%,Userland/Libraries/LibVideo/Containers/Matroska/MatroskaDemuxer.h
1,202,0.50%,Userland/Libraries/LibVideo/Containers/Matroska/Document.h
6,899,0.67%,Userland/Libraries/LibVideo/Containers/Matroska/Reader.cpp
8,602,1.33%,Userland/Libraries/LibVideo/VP9/TreeParser.cpp
10,1207,0.83%,Userland/Libraries/LibVideo/VP9/Decoder.cpp
9,1472,0.61%,Userland/Libraries/LibVideo/VP9/Parser.cpp
1,298,0.34%,Userland/Libraries/LibVideo/VP9/Context.h
1,112,0.89%,Userland/Libraries/LibVideo/VP9/Utilities.h
1,68,1.47%,Userland/Libraries/LibVideo/VP9/Symbols.h
1,33,3.03%,Userland/Libraries/LibVideo/Sample.h
4,582,0.69%,Userland/Libraries/LibVideo/PlaybackManager.cpp
1,297,0.34%,Userland/Libraries/LibVirtGPU/CommandBufferBuilder.cpp
1,81,1.23%,Userland/Libraries/LibVirtGPU/Device.h
2,97,2.06%,Userland/Libraries/LibWasm/AbstractMachine/Configuration.cpp
4,435,0.92%,Userland/Libraries/LibWasm/AbstractMachine/Operators.h
3,516,0.58%,Userland/Libraries/LibWasm/AbstractMachine/AbstractMachine.cpp
1,561,0.18%,Userland/Libraries/LibWasm/AbstractMachine/AbstractMachine.h
2,1196,0.17%,Userland/Libraries/LibWasm/AbstractMachine/BytecodeInterpreter.cpp
2,3058,0.07%,Userland/Libraries/LibWasm/AbstractMachine/Validator.cpp
1,1072,0.09%,Userland/Libraries/LibWasm/Printer/Printer.cpp
1,68,1.47%,Userland/Libraries/LibWasm/Printer/Printer.h
3,1043,0.29%,Userland/Libraries/LibWasm/WASI/Wasi.cpp
6,854,0.70%,Userland/Libraries/LibWasm/Types.h
2,50,4.00%,Userland/Libraries/LibWeb/Bindings/MainThreadVM.h
1,32,3.12%,Userland/Libraries/LibWeb/Bindings/PlatformObject.h
17,382,4.45%,Userland/Libraries/LibWeb/Bindings/MainThreadVM.cpp
6,197,3.05%,Userland/Libraries/LibWeb/Bindings/LegacyPlatformObject.cpp
1,73,1.37%,Userland/Libraries/LibWeb/CSS/StyleValues/FilterValueListStyleValue.h
1,320,0.31%,Userland/Libraries/LibWeb/CSS/StyleValues/IdentifierStyleValue.cpp
1,118,0.85%,Userland/Libraries/LibWeb/CSS/StyleValues/ImageStyleValue.cpp
1,50,2.00%,Userland/Libraries/LibWeb/CSS/StyleValues/ImageStyleValue.h
9,1938,0.46%,Userland/Libraries/LibWeb/CSS/StyleValues/CalculatedStyleValue.cpp
1,52,1.92%,Userland/Libraries/LibWeb/CSS/StyleValues/ConicGradientStyleValue.h
1,194,0.52%,Userland/Libraries/LibWeb/CSS/StyleValues/ShorthandStyleValue.cpp
1,776,0.13%,Userland/Libraries/LibWeb/CSS/Parser/SelectorParsing.cpp
8,73,10.96%,Userland/Libraries/LibWeb/CSS/Parser/Helpers.cpp
1,419,0.24%,Userland/Libraries/LibWeb/CSS/Parser/GradientParsing.cpp
4,817,0.49%,Userland/Libraries/LibWeb/CSS/Parser/Tokenizer.cpp
1,485,0.21%,Userland/Libraries/LibWeb/CSS/Parser/MediaParsing.cpp
42,5439,0.77%,Userland/Libraries/LibWeb/CSS/Parser/Parser.cpp
3,139,2.16%,Userland/Libraries/LibWeb/CSS/SyntaxHighlighter/SyntaxHighlighter.cpp
1,44,2.27%,Userland/Libraries/LibWeb/CSS/CSSImportRule.h
3,183,1.64%,Userland/Libraries/LibWeb/CSS/CSSRuleList.cpp
2,32,6.25%,Userland/Libraries/LibWeb/CSS/FontFace.h
3,338,0.89%,Userland/Libraries/LibWeb/CSS/Selector.cpp
5,86,5.81%,Userland/Libraries/LibWeb/CSS/CSSFontFaceRule.cpp
9,66,13.64%,Userland/Libraries/LibWeb/CSS/CSSStyleRule.cpp
1,80,1.25%,Userland/Libraries/LibWeb/CSS/CSSImportRule.cpp
6,366,1.64%,Userland/Libraries/LibWeb/CSS/Length.cpp
10,538,1.86%,Userland/Libraries/LibWeb/CSS/SelectorEngine.cpp
1,78,1.28%,Userland/Libraries/LibWeb/CSS/Size.h
4,593,0.67%,Userland/Libraries/LibWeb/CSS/ComputedValues.h
1,39,2.56%,Userland/Libraries/LibWeb/CSS/CSS.cpp
18,430,4.19%,Userland/Libraries/LibWeb/CSS/ResolvedCSSStyleDeclaration.cpp
1,198,0.51%,Userland/Libraries/LibWeb/CSS/Length.h
36,1988,1.81%,Userland/Libraries/LibWeb/CSS/StyleComputer.cpp
3,193,1.55%,Userland/Libraries/LibWeb/CSS/StyleValue.cpp
14,885,1.58%,Userland/Libraries/LibWeb/CSS/StyleProperties.cpp
1,93,1.08%,Userland/Libraries/LibWeb/CSS/MediaList.cpp
15,283,5.30%,Userland/Libraries/LibWeb/CSS/CSSStyleDeclaration.cpp
4,429,0.93%,Userland/Libraries/LibWeb/CSS/MediaQuery.cpp
1,161,0.62%,Userland/Libraries/LibWeb/CSS/GridTrackSize.h
5,137,3.65%,Userland/Libraries/LibWeb/CSS/CSSStyleSheet.cpp
2,195,1.03%,Userland/Libraries/LibWeb/CSS/Selector.h
1,28,3.57%,Userland/Libraries/LibWeb/CSS/SystemColor.h
1,90,1.11%,Userland/Libraries/LibWeb/CSS/CSSNumericType.h
1,304,0.33%,Userland/Libraries/LibWeb/CSS/CSSNumericType.cpp
1,46,2.17%,Userland/Libraries/LibWeb/CSS/CSSKeyframeRule.h
5,103,4.85%,Userland/Libraries/LibWeb/CSS/VisualViewport.cpp
1,157,0.64%,Userland/Libraries/LibWeb/CSS/Transformation.cpp
1,87,1.15%,Userland/Libraries/LibWeb/Cookie/Cookie.cpp
2,261,0.77%,Userland/Libraries/LibWeb/Cookie/ParsedCookie.cpp
6,151,3.97%,Userland/Libraries/LibWeb/Crypto/SubtleCrypto.cpp
1,101,0.99%,Userland/Libraries/LibWeb/Crypto/Crypto.cpp
1,34,2.94%,Userland/Libraries/LibWeb/DOM/AbortSignal.h
3,91,3.30%,Userland/Libraries/LibWeb/DOM/CharacterData.cpp
1,38,2.63%,Userland/Libraries/LibWeb/DOM/CharacterData.h
6,95,6.32%,Userland/Libraries/LibWeb/DOM/DOMImplementation.cpp
3,175,1.71%,Userland/Libraries/LibWeb/DOM/DOMTokenList.cpp
1,13,7.69%,Userland/Libraries/LibWeb/DOM/ElementFactory.h
3,246,1.22%,Userland/Libraries/LibWeb/DOM/EventDispatcher.cpp
22,457,4.81%,Userland/Libraries/LibWeb/DOM/EventTarget.cpp
1,53,1.89%,Userland/Libraries/LibWeb/DOM/HTMLCollection.h
17,1308,1.30%,Userland/Libraries/LibWeb/DOM/Node.cpp
2,133,1.50%,Userland/Libraries/LibWeb/DOM/MutationObserver.cpp
1,34,2.94%,Userland/Libraries/LibWeb/DOM/LiveNodeList.h
6,218,2.75%,Userland/Libraries/LibWeb/DOM/NamedNodeMap.cpp
2,66,3.03%,Userland/Libraries/LibWeb/DOM/NamedNodeMap.h
117,2276,5.14%,Userland/Libraries/LibWeb/DOM/Document.cpp
5,320,1.56%,Userland/Libraries/LibWeb/DOM/Element.h
50,1361,3.67%,Userland/Libraries/LibWeb/DOM/Element.cpp
1,84,1.19%,Userland/Libraries/LibWeb/DOM/Range.h
2,147,1.36%,Userland/Libraries/LibWeb/DOM/ParentNode.cpp
1,40,2.50%,Userland/Libraries/LibWeb/DOM/NodeFilter.h
1,63,1.59%,Userland/Libraries/LibWeb/DOM/ParentNode.h
1,704,0.14%,Userland/Libraries/LibWeb/DOM/Range.cpp
4,551,0.73%,Userland/Libraries/LibWeb/DOM/ElementFactory.cpp
27,268,10.07%,Userland/Libraries/LibWeb/DOM/DocumentLoading.cpp
1,130,0.77%,Userland/Libraries/LibWeb/DOM/Event.h
1,128,0.78%,Userland/Libraries/LibWeb/DOM/Slottable.cpp
9,69,13.04%,Userland/Libraries/LibWeb/DOM/StyleElementUtils.cpp
2,44,4.55%,Userland/Libraries/LibWeb/DOM/DocumentLoading.h
1,37,2.70%,Userland/Libraries/LibWeb/DOMParsing/InnerHTML.cpp
8,425,1.88%,Userland/Libraries/LibWeb/DOMParsing/XMLSerializer.cpp
1,46,2.17%,Userland/Libraries/LibWeb/Encoding/TextDecoder.cpp
61,1083,5.63%,Userland/Libraries/LibWeb/Fetch/Fetching/Fetching.cpp
5,74,6.76%,Userland/Libraries/LibWeb/Fetch/Infrastructure/HTTP/Bodies.cpp
1,235,0.43%,Userland/Libraries/LibWeb/Fetch/Infrastructure/HTTP/Responses.cpp
1,191,0.52%,Userland/Libraries/LibWeb/Fetch/Infrastructure/HTTP/Responses.h
1,263,0.38%,Userland/Libraries/LibWeb/Fetch/Infrastructure/HTTP/Requests.cpp
5,524,0.95%,Userland/Libraries/LibWeb/Fetch/Infrastructure/HTTP/Headers.cpp
1,13,7.69%,Userland/Libraries/LibWeb/Fetch/Infrastructure/Task.cpp
1,14,7.14%,Userland/Libraries/LibWeb/Fetch/Infrastructure/Task.h
3,70,4.29%,Userland/Libraries/LibWeb/Fetch/Infrastructure/FetchController.cpp
1,47,2.13%,Userland/Libraries/LibWeb/Fetch/Infrastructure/FetchController.h
7,135,5.19%,Userland/Libraries/LibWeb/Fetch/Body.cpp
4,102,3.92%,Userland/Libraries/LibWeb/Fetch/FetchMethod.cpp
6,87,6.90%,Userland/Libraries/LibWeb/Fetch/BodyInit.cpp
4,163,2.45%,Userland/Libraries/LibWeb/Fetch/Response.cpp
2,330,0.61%,Userland/Libraries/LibWeb/Fetch/Request.cpp
1,22,4.55%,Userland/Libraries/LibWeb/FileAPI/BlobURLStore.h
6,226,2.65%,Userland/Libraries/LibWeb/FileAPI/FileReader.cpp
2,239,0.84%,Userland/Libraries/LibWeb/FileAPI/Blob.cpp
1,432,0.23%,Userland/Libraries/LibWeb/Geometry/DOMMatrixReadOnly.cpp
2,50,4.00%,Userland/Libraries/LibWeb/HTML/Canvas/CanvasState.cpp
1,53,1.89%,Userland/Libraries/LibWeb/HTML/Canvas/CanvasPathClipper.h
1,38,2.63%,Userland/Libraries/LibWeb/HTML/Canvas/CanvasPathClipper.cpp
1,225,0.44%,Userland/Libraries/LibWeb/HTML/Canvas/CanvasPath.cpp
5,75,6.67%,Userland/Libraries/LibWeb/HTML/Canvas/CanvasFillStrokeStyles.h
1,83,1.20%,Userland/Libraries/LibWeb/HTML/Canvas/CanvasState.h
3,25,12.00%,Userland/Libraries/LibWeb/HTML/CrossOrigin/Reporting.cpp
1,164,0.61%,Userland/Libraries/LibWeb/HTML/CrossOrigin/AbstractOperations.cpp
33,203,16.26%,Userland/Libraries/LibWeb/HTML/EventLoop/EventLoop.cpp
8,2629,0.30%,Userland/Libraries/LibWeb/HTML/Parser/HTMLTokenizer.cpp
45,3040,1.48%,Userland/Libraries/LibWeb/HTML/Parser/HTMLParser.cpp
1,2270,0.04%,Userland/Libraries/LibWeb/HTML/Parser/Entities.cpp
1,75,1.33%,Userland/Libraries/LibWeb/HTML/Parser/ListOfActiveFormattingElements.cpp
6,227,2.64%,Userland/Libraries/LibWeb/HTML/Parser/HTMLEncodingDetection.cpp
10,277,3.61%,Userland/Libraries/LibWeb/HTML/Scripting/Environments.cpp
1,88,1.14%,Userland/Libraries/LibWeb/HTML/Scripting/Environments.h
1,37,2.70%,Userland/Libraries/LibWeb/HTML/Scripting/WorkerEnvironmentSettingsObject.h
7,98,7.14%,Userland/Libraries/LibWeb/HTML/Scripting/ModuleScript.cpp
3,72,4.17%,Userland/Libraries/LibWeb/HTML/Scripting/WindowEnvironmentSettingsObject.cpp
1,28,3.57%,Userland/Libraries/LibWeb/HTML/Scripting/WorkerEnvironmentSettingsObject.cpp
4,82,4.88%,Userland/Libraries/LibWeb/HTML/Scripting/ClassicScript.cpp
32,425,7.53%,Userland/Libraries/LibWeb/HTML/Scripting/Fetching.cpp
1,192,0.52%,Userland/Libraries/LibWeb/HTML/SyntaxHighlighter/SyntaxHighlighter.cpp
3,220,1.36%,Userland/Libraries/LibWeb/HTML/CustomElements/CustomElementRegistry.cpp
1,169,0.59%,Userland/Libraries/LibWeb/HTML/BrowsingContext.h
15,332,4.52%,Userland/Libraries/LibWeb/HTML/HTMLElement.cpp
28,481,5.82%,Userland/Libraries/LibWeb/HTML/BrowsingContext.cpp
16,152,10.53%,Userland/Libraries/LibWeb/HTML/Focus.cpp
1,53,1.89%,Userland/Libraries/LibWeb/HTML/CanvasGradient.cpp
23,404,5.69%,Userland/Libraries/LibWeb/HTML/CanvasRenderingContext2D.cpp
4,53,7.55%,Userland/Libraries/LibWeb/HTML/DOMParser.cpp
1,128,0.78%,Userland/Libraries/LibWeb/HTML/DOMStringMap.cpp
2,39,5.13%,Userland/Libraries/LibWeb/HTML/ErrorEvent.h
1,24,4.17%,Userland/Libraries/LibWeb/HTML/EventHandler.h
2,107,1.87%,Userland/Libraries/LibWeb/HTML/EventNames.h
4,79,5.06%,Userland/Libraries/LibWeb/HTML/FormAssociatedElement.cpp
3,80,3.75%,Userland/Libraries/LibWeb/HTML/HTMLAnchorElement.cpp
2,67,2.99%,Userland/Libraries/LibWeb/HTML/HTMLBaseElement.cpp
2,43,4.65%,Userland/Libraries/LibWeb/HTML/Navigator.h
1,72,1.39%,Userland/Libraries/LibWeb/HTML/HTMLButtonElement.cpp
5,237,2.11%,Userland/Libraries/LibWeb/HTML/HTMLCanvasElement.cpp
2,138,1.45%,Userland/Libraries/LibWeb/HTML/HTMLDetailsElement.cpp
1,60,1.67%,Userland/Libraries/LibWeb/HTML/HTMLFieldSetElement.cpp
14,472,2.97%,Userland/Libraries/LibWeb/HTML/HTMLFormElement.cpp
1,25,4.00%,Userland/Libraries/LibWeb/HTML/HTMLHeadingElement.h
1,262,0.38%,Userland/Libraries/LibWeb/HTML/HTMLHyperlinkElementUtils.cpp
10,122,8.20%,Userland/Libraries/LibWeb/HTML/HTMLIFrameElement.cpp
25,590,4.24%,Userland/Libraries/LibWeb/HTML/HTMLImageElement.cpp
12,1062,1.13%,Userland/Libraries/LibWeb/HTML/HTMLInputElement.cpp
1,25,4.00%,Userland/Libraries/LibWeb/HTML/HTMLLIElement.h
27,306,8.82%,Userland/Libraries/LibWeb/HTML/HTMLLinkElement.cpp
2,76,2.63%,Userland/Libraries/LibWeb/HTML/HTMLLinkElement.h
88,955,9.21%,Userland/Libraries/LibWeb/HTML/HTMLMediaElement.cpp
1,185,0.54%,Userland/Libraries/LibWeb/HTML/HTMLMediaElement.h
1,77,1.30%,Userland/Libraries/LibWeb/HTML/HTMLMetaElement.cpp
1,25,4.00%,Userland/Libraries/LibWeb/HTML/HTMLOListElement.h
13,242,5.37%,Userland/Libraries/LibWeb/HTML/HTMLObjectElement.cpp
3,102,2.94%,Userland/Libraries/LibWeb/HTML/HTMLOptionElement.cpp
21,338,6.21%,Userland/Libraries/LibWeb/HTML/HTMLScriptElement.cpp
6,293,2.05%,Userland/Libraries/LibWeb/HTML/HTMLSelectElement.cpp
2,95,2.11%,Userland/Libraries/LibWeb/HTML/HTMLSlotElement.cpp
3,35,8.57%,Userland/Libraries/LibWeb/HTML/HTMLSourceElement.cpp
1,130,0.77%,Userland/Libraries/LibWeb/HTML/HTMLTableCellElement.cpp
5,328,1.52%,Userland/Libraries/LibWeb/HTML/HTMLTableElement.cpp
2,142,1.41%,Userland/Libraries/LibWeb/HTML/HTMLVideoElement.cpp
2,320,0.62%,Userland/Libraries/LibWeb/HTML/Location.cpp
3,15,20.00%,Userland/Libraries/LibWeb/HTML/HistoryHandlingBehavior.h
9,310,2.90%,Userland/Libraries/LibWeb/HTML/MessagePort.cpp
1,42,2.38%,Userland/Libraries/LibWeb/HTML/MessageEvent.h
3,118,2.54%,Userland/Libraries/LibWeb/HTML/Storage.cpp
2,40,5.00%,Userland/Libraries/LibWeb/HTML/NavigationParams.h
2,57,3.51%,Userland/Libraries/LibWeb/HTML/NavigatorBeacon.cpp
1,24,4.17%,Userland/Libraries/LibWeb/HTML/NavigatorID.cpp
1,17,5.88%,Userland/Libraries/LibWeb/HTML/NavigatorLanguage.h
1,12,8.33%,Userland/Libraries/LibWeb/HTML/NavigatorOnLine.h
5,86,5.81%,Userland/Libraries/LibWeb/HTML/Origin.h
2,12,16.67%,Userland/Libraries/LibWeb/HTML/PolicyContainers.h
31,956,3.24%,Userland/Libraries/LibWeb/HTML/Window.cpp
2,39,5.13%,Userland/Libraries/LibWeb/HTML/SessionHistoryEntry.h
1,122,0.82%,Userland/Libraries/LibWeb/HTML/Navigation.h
22,770,2.86%,Userland/Libraries/LibWeb/HTML/StructuredSerialize.cpp
1,44,2.27%,Userland/Libraries/LibWeb/HTML/Timer.cpp
1,56,1.79%,Userland/Libraries/LibWeb/HTML/Path2D.cpp
2,73,2.74%,Userland/Libraries/LibWeb/HTML/WorkerGlobalScope.h
6,79,7.59%,Userland/Libraries/LibWeb/HTML/Worker.cpp
1,84,1.19%,Userland/Libraries/LibWeb/HTML/WorkerLocation.cpp
1,43,2.33%,Userland/Libraries/LibWeb/HTML/HTMLTemplateElement.cpp
5,79,6.33%,Userland/Libraries/LibWeb/HTML/WorkerGlobalScope.cpp
5,109,4.59%,Userland/Libraries/LibWeb/HTML/History.cpp
1,51,1.96%,Userland/Libraries/LibWeb/HTML/Numbers.cpp
11,323,3.41%,Userland/Libraries/LibWeb/HTML/WindowOrWorkerGlobalScope.cpp
1,99,1.01%,Userland/Libraries/LibWeb/HTML/WorkerAgent.cpp
3,33,9.09%,Userland/Libraries/LibWeb/HTML/TimeRanges.cpp
1,45,2.22%,Userland/Libraries/LibWeb/HTML/HTMLSummaryElement.cpp
18,266,6.77%,Userland/Libraries/LibWeb/HTML/SourceSet.cpp
1,30,3.33%,Userland/Libraries/LibWeb/HTML/NavigationType.h
4,132,3.03%,Userland/Libraries/LibWeb/HTML/VideoTrack.cpp
1,38,2.63%,Userland/Libraries/LibWeb/HTML/SessionHistoryTraversalQueue.h
6,165,3.64%,Userland/Libraries/LibWeb/HTML/NavigateEvent.cpp
25,627,3.99%,Userland/Libraries/LibWeb/HTML/Navigation.cpp
91,1020,8.92%,Userland/Libraries/LibWeb/HTML/Navigable.cpp
12,176,6.82%,Userland/Libraries/LibWeb/HTML/FormControlInfrastructure.cpp
6,167,3.59%,Userland/Libraries/LibWeb/HTML/SharedImageRequest.cpp
16,92,17.39%,Userland/Libraries/LibWeb/HTML/ImageRequest.cpp
1,35,2.86%,Userland/Libraries/LibWeb/HTML/TrackEvent.cpp
1,186,0.54%,Userland/Libraries/LibWeb/HTML/NavigableContainer.cpp
3,87,3.45%,Userland/Libraries/LibWeb/HTML/CanvasPattern.cpp
32,334,9.58%,Userland/Libraries/LibWeb/HTML/TraversableNavigable.cpp
2,85,2.35%,Userland/Libraries/LibWeb/HTML/AudioTrack.cpp
1,18,5.56%,Userland/Libraries/LibWeb/HTML/POSTResource.h
1,68,1.47%,Userland/Libraries/LibWeb/HTML/TraversableNavigable.h
2,38,5.26%,Userland/Libraries/LibWeb/HighResolutionTime/TimeOrigin.cpp
3,206,1.46%,Userland/Libraries/LibWeb/HighResolutionTime/Performance.cpp
1,78,1.28%,Userland/Libraries/LibWeb/Infra/Base64.cpp
2,81,2.47%,Userland/Libraries/LibWeb/Infra/Strings.cpp
2,130,1.54%,Userland/Libraries/LibWeb/IntersectionObserver/IntersectionObserver.cpp
5,619,0.81%,Userland/Libraries/LibWeb/Layout/TreeBuilder.cpp
6,524,1.15%,Userland/Libraries/LibWeb/Layout/LayoutState.cpp
1,122,0.82%,Userland/Libraries/LibWeb/Layout/LineBoxFragment.cpp
1,52,1.92%,Userland/Libraries/LibWeb/Layout/ImageBox.cpp
1,246,0.41%,Userland/Libraries/LibWeb/Layout/Node.h
8,906,0.88%,Userland/Libraries/LibWeb/Layout/BlockFormattingContext.cpp
28,1783,1.57%,Userland/Libraries/LibWeb/Layout/GridFormattingContext.cpp
1,74,1.35%,Userland/Libraries/LibWeb/Layout/LineBox.cpp
1,233,0.43%,Userland/Libraries/LibWeb/Layout/GridFormattingContext.h
4,234,1.71%,Userland/Libraries/LibWeb/Layout/SVGFormattingContext.cpp
2,116,1.72%,Userland/Libraries/LibWeb/Layout/FormattingContext.h
1,33,3.03%,Userland/Libraries/LibWeb/Layout/FrameBox.cpp
18,1633,1.10%,Userland/Libraries/LibWeb/Layout/FlexFormattingContext.cpp
5,279,1.79%,Userland/Libraries/LibWeb/Layout/LineBuilder.cpp
1,79,1.27%,Userland/Libraries/LibWeb/Layout/Box.cpp
4,333,1.20%,Userland/Libraries/LibWeb/Layout/InlineFormattingContext.cpp
6,795,0.75%,Userland/Libraries/LibWeb/Layout/Node.cpp
8,1360,0.59%,Userland/Libraries/LibWeb/Layout/TableFormattingContext.cpp
2,419,0.48%,Userland/Libraries/LibWeb/Layout/TextNode.cpp
3,50,6.00%,Userland/Libraries/LibWeb/Layout/SVGSVGBox.cpp
21,1285,1.63%,Userland/Libraries/LibWeb/Layout/FormattingContext.cpp
1,46,2.17%,Userland/Libraries/LibWeb/Layout/VideoBox.cpp
2,281,0.71%,Userland/Libraries/LibWeb/Layout/InlineLevelIterator.cpp
4,156,2.56%,Userland/Libraries/LibWeb/Loader/Resource.cpp
3,367,0.82%,Userland/Libraries/LibWeb/Loader/ResourceLoader.cpp
2,62,3.23%,Userland/Libraries/LibWeb/Loader/GeneratedPagesLoader.cpp
1,203,0.49%,Userland/Libraries/LibWeb/MimeSniff/MimeType.cpp
8,300,2.67%,Userland/Libraries/LibWeb/MimeSniff/Resource.cpp
4,89,4.49%,Userland/Libraries/LibWeb/Page/EditEventHandler.cpp
29,690,4.20%,Userland/Libraries/LibWeb/Page/EventHandler.cpp
1,395,0.25%,Userland/Libraries/LibWeb/Page/Page.cpp
3,233,1.29%,Userland/Libraries/LibWeb/Page/Page.h
1,35,2.86%,Userland/Libraries/LibWeb/Painting/CanvasPaintable.cpp
10,451,2.22%,Userland/Libraries/LibWeb/Painting/StackingContext.cpp
1,284,0.35%,Userland/Libraries/LibWeb/Painting/BackgroundPainting.cpp
1,149,0.67%,Userland/Libraries/LibWeb/Painting/VideoPaintable.cpp
4,494,0.81%,Userland/Libraries/LibWeb/Painting/ShadowPainting.cpp
1,405,0.25%,Userland/Libraries/LibWeb/Painting/TableBordersPainting.cpp
1,546,0.18%,Userland/Libraries/LibWeb/Painting/RecordingPainter.cpp
4,326,1.23%,Userland/Libraries/LibWeb/Painting/MediaPaintable.cpp
1,80,1.25%,Userland/Libraries/LibWeb/Painting/FilterPainting.cpp
1,32,3.12%,Userland/Libraries/LibWeb/Painting/LabelablePaintable.h
1,112,0.89%,Userland/Libraries/LibWeb/Painting/SVGPathPaintable.cpp
1,56,1.79%,Userland/Libraries/LibWeb/Painting/ButtonPaintable.cpp
8,685,1.17%,Userland/Libraries/LibWeb/Painting/PaintableBox.cpp
1,157,0.64%,Userland/Libraries/LibWeb/Painting/ImagePaintable.cpp
10,341,2.93%,Userland/Libraries/LibWeb/Painting/PaintingCommandExecutorCPU.cpp
2,529,0.38%,Userland/Libraries/LibWeb/Painting/BorderPainting.cpp
3,164,1.83%,Userland/Libraries/LibWeb/Painting/InlinePaintable.cpp
3,102,2.94%,Userland/Libraries/LibWeb/Painting/MarkerPaintable.cpp
18,347,5.19%,Userland/Libraries/LibWeb/Painting/PaintingCommandExecutorGPU.cpp
1,67,1.49%,Userland/Libraries/LibWeb/Platform/TimerSerenity.cpp
1,48,2.08%,Userland/Libraries/LibWeb/Platform/AudioCodecPlugin.cpp
10,139,7.19%,Userland/Libraries/LibWeb/Platform/AudioCodecPluginAgnostic.cpp
1,45,2.22%,Userland/Libraries/LibWeb/Platform/FontPluginSerenity.cpp
2,105,1.90%,Userland/Libraries/LibWeb/ReferrerPolicy/AbstractOperations.cpp
4,38,10.53%,Userland/Libraries/LibWeb/ResizeObserver/ResizeObserver.cpp
1,27,3.70%,Userland/Libraries/LibWeb/SVG/SVGDefsElement.cpp
1,49,2.04%,Userland/Libraries/LibWeb/SVG/ViewBox.cpp
5,586,0.85%,Userland/Libraries/LibWeb/SVG/AttributeParser.cpp
1,49,2.04%,Userland/Libraries/LibWeb/SVG/SVGMaskElement.cpp
3,41,7.32%,Userland/Libraries/LibWeb/SVG/SVGScriptElement.cpp
9,137,6.57%,Userland/Libraries/LibWeb/SVG/SVGUseElement.cpp
7,214,3.27%,Userland/Libraries/LibWeb/SVG/SVGGraphicsElement.cpp
1,31,3.23%,Userland/Libraries/LibWeb/SVG/SVGLength.cpp
4,155,2.58%,Userland/Libraries/LibWeb/SVG/SVGDecodedImageData.cpp
10,153,6.54%,Userland/Libraries/LibWeb/SVG/SVGRadialGradientElement.cpp
1,63,1.59%,Userland/Libraries/LibWeb/SVG/SVGStopElement.cpp
2,92,2.17%,Userland/Libraries/LibWeb/SVG/SVGSVGElement.cpp
1,67,1.49%,Userland/Libraries/LibWeb/SVG/SVGForeignObjectElement.cpp
8,76,10.53%,Userland/Libraries/LibWeb/SVG/SVGLineElement.cpp
12,145,8.28%,Userland/Libraries/LibWeb/SVG/SVGRectElement.cpp
6,75,8.00%,Userland/Libraries/LibWeb/SVG/SVGCircleElement.cpp
8,87,9.20%,Userland/Libraries/LibWeb/SVG/SVGEllipseElement.cpp
3,95,3.16%,Userland/Libraries/LibWeb/SVG/SVGGradientElement.cpp
1,36,2.78%,Userland/Libraries/LibWeb/SVG/SVGDecodedImageData.h
8,118,6.78%,Userland/Libraries/LibWeb/SVG/SVGLinearGradientElement.cpp
1,48,2.08%,Userland/Libraries/LibWeb/SecureContexts/AbstractOperations.cpp
1,290,0.34%,Userland/Libraries/LibWeb/Selection/Selection.cpp
2,155,1.29%,Userland/Libraries/LibWeb/Streams/ReadableStreamDefaultReader.cpp
11,1925,0.57%,Userland/Libraries/LibWeb/Streams/AbstractOperations.cpp
15,541,2.77%,Userland/Libraries/LibWeb/UIEvents/KeyboardEvent.cpp
1,32,3.12%,Userland/Libraries/LibWeb/UIEvents/EventNames.h
8,315,2.54%,Userland/Libraries/LibWeb/URL/URL.cpp
1,64,1.56%,Userland/Libraries/LibWeb/URL/URL.h
2,211,0.95%,Userland/Libraries/LibWeb/URL/URLSearchParams.cpp
2,77,2.60%,Userland/Libraries/LibWeb/WebAssembly/Instance.cpp
1,49,2.04%,Userland/Libraries/LibWeb/WebAssembly/WebAssembly.h
23,359,6.41%,Userland/Libraries/LibWeb/WebAssembly/WebAssembly.cpp
1,37,2.70%,Userland/Libraries/LibWeb/WebDriver/Response.h
2,51,3.92%,Userland/Libraries/LibWeb/WebDriver/Screenshot.cpp
8,215,3.72%,Userland/Libraries/LibWeb/WebDriver/Capabilities.cpp
12,259,4.63%,Userland/Libraries/LibWeb/WebDriver/ExecuteScript.cpp
4,289,1.38%,Userland/Libraries/LibWeb/WebDriver/Client.cpp
1,6,16.67%,Userland/Libraries/LibWeb/WebGL/Types.h
5,247,2.02%,Userland/Libraries/LibWeb/WebGL/WebGLRenderingContextBase.cpp
1,50,2.00%,Userland/Libraries/LibWeb/WebGL/WebGLRenderingContext.cpp
1,105,0.95%,Userland/Libraries/LibWeb/WebIDL/ExceptionOr.h
2,134,1.49%,Userland/Libraries/LibWeb/WebIDL/Promise.cpp
1,110,0.91%,Userland/Libraries/LibWeb/WebIDL/DOMException.h
20,199,10.05%,Userland/Libraries/LibWeb/WebIDL/OverloadResolution.cpp
8,174,4.60%,Userland/Libraries/LibWeb/WebIDL/AbstractOperations.cpp
13,237,5.49%,Userland/Libraries/LibWeb/WebSockets/WebSocket.cpp
1,32,3.12%,Userland/Libraries/LibWeb/XHR/ProgressEvent.h
26,686,3.79%,Userland/Libraries/LibWeb/XHR/XMLHttpRequest.cpp
10,171,5.85%,Userland/Libraries/LibWeb/XML/XMLDocumentBuilder.cpp
2,184,1.09%,Userland/Libraries/LibWeb/ARIA/Roles.cpp
1,15,6.67%,Userland/Libraries/LibWeb/Worker/WebWorkerClient.cpp
22,156,14.10%,Userland/Libraries/LibWeb/WebAudio/AudioContext.cpp
12,94,12.77%,Userland/Libraries/LibWeb/Clipboard/Clipboard.cpp
3,147,2.04%,Userland/Libraries/LibWeb/PerformanceTimeline/PerformanceObserver.cpp
1,72,1.39%,Userland/Libraries/LibWeb/UserTiming/PerformanceMark.cpp
3,60,5.00%,Userland/Libraries/LibWeb/PermissionsPolicy/AutoplayAllowlist.cpp
3,271,1.11%,Userland/Libraries/LibWeb/Animations/AnimationEffect.cpp
4,91,4.40%,Userland/Libraries/LibWeb/Animations/KeyframeEffect.cpp
1,426,0.23%,Userland/Libraries/LibWeb/PixelUnits.h
2,717,0.28%,Userland/Libraries/LibWeb/Dump.cpp
2,34,5.88%,Userland/Libraries/LibWebSocket/Message.h
12,531,2.26%,Userland/Libraries/LibWebSocket/WebSocket.cpp
3,348,0.86%,Userland/Libraries/LibWebView/ViewImplementation.cpp
1,157,0.64%,Userland/Libraries/LibWebView/URL.cpp
2,552,0.36%,Userland/Libraries/LibWebView/InspectorClient.cpp
1,59,1.69%,Userland/Libraries/LibWebView/SourceHighlighter.h
5,350,1.43%,Userland/Libraries/LibWebView/OutOfProcessWebView.cpp
1,87,1.15%,Userland/Libraries/LibWebView/RequestServerAdapter.cpp
3,474,0.63%,Userland/Libraries/LibWebView/CookieJar.cpp
36,2328,1.55%,Userland/Libraries/LibX86/Instruction.cpp
1,116,0.86%,Userland/Libraries/LibXML/DOM/DocumentTypeDeclaration.h
7,1382,0.51%,Userland/Libraries/LibXML/Parser/Parser.cpp
1,10,10.00%,Userland/Libraries/LibXML/FundamentalTypes.h
1,68,1.47%,Userland/Libraries/LibCMake/CMakeCache/SyntaxHighlighter.cpp
1,293,0.34%,Userland/Libraries/LibCMake/Lexer.cpp
1,182,0.55%,Userland/Libraries/LibCMake/SyntaxHighlighter.cpp
4,926,0.43%,Userland/Libraries/LibJIT/X86_64/Assembler.h
2,628,0.32%,Userland/Libraries/LibAccelGfx/Painter.cpp
1,64,1.56%,Userland/Services/AudioServer/Mixer.h
1,89,1.12%,Userland/Services/AudioServer/ClientAudioStream.cpp
4,157,2.55%,Userland/Services/AudioServer/Mixer.cpp
1,43,2.33%,Userland/Services/ChessEngine/MCTSTree.h
3,65,4.62%,Userland/Services/ChessEngine/ChessEngine.cpp
1,39,2.56%,Userland/Services/Clipboard/ConnectionFromClient.cpp
6,273,2.20%,Userland/Services/ConfigServer/ConnectionFromClient.cpp
5,330,1.52%,Userland/Services/DHCPClient/DHCPv4Client.cpp
6,303,1.98%,Userland/Services/FileOperation/main.cpp
11,121,9.09%,Userland/Services/FileSystemAccessServer/ConnectionFromClient.cpp
1,42,2.38%,Userland/Services/LoginServer/LoginWindow.cpp
1,29,3.45%,Userland/Services/LoginServer/LoginWindow.h
5,286,1.75%,Userland/Services/LookupServer/LookupServer.cpp
2,156,1.28%,Userland/Services/LookupServer/MulticastDNS.cpp
3,88,3.41%,Userland/Services/NetworkServer/main.cpp
1,129,0.78%,Userland/Services/NotificationServer/NotificationWindow.cpp
2,44,4.55%,Userland/Services/RequestServer/main.cpp
1,100,1.00%,Userland/Services/RequestServer/ConnectionCache.cpp
6,226,2.65%,Userland/Services/RequestServer/ConnectionCache.h
3,150,2.00%,Userland/Services/RequestServer/ConnectionFromClient.cpp
1,41,2.44%,Userland/Services/RequestServer/Protocol.cpp
1,42,2.38%,Userland/Services/RequestServer/Request.cpp
1,46,2.17%,Userland/Services/RequestServer/Request.h
1,80,1.25%,Userland/Services/SQLServer/ConnectionFromClient.cpp
2,224,0.89%,Userland/Services/SpiceAgent/Message.cpp
1,58,1.72%,Userland/Services/SpiceAgent/FileTransferOperation.cpp
2,208,0.96%,Userland/Services/SpiceAgent/SpiceAgent.cpp
2,293,0.68%,Userland/Services/SystemServer/Service.cpp
2,253,0.79%,Userland/Services/SystemServer/main.cpp
3,95,3.16%,Userland/Services/Taskbar/ShutdownDialog.cpp
3,414,0.72%,Userland/Services/Taskbar/QuickLaunchWidget.cpp
10,179,5.59%,Userland/Services/Taskbar/ClockWidget.cpp
3,356,0.84%,Userland/Services/Taskbar/TaskbarWindow.cpp
2,223,0.90%,Userland/Services/Taskbar/main.cpp
67,1023,6.55%,Userland/Services/WebContent/WebDriverConnection.cpp
28,872,3.21%,Userland/Services/WebContent/ConnectionFromClient.cpp
1,496,0.20%,Userland/Services/WebContent/PageClient.cpp
1,32,3.12%,Userland/Services/WebContent/ImageCodecPluginSerenity.cpp
5,156,3.21%,Userland/Services/WebContent/WebContentConsoleClient.cpp
1,28,3.57%,Userland/Services/WebContent/PageHost.cpp
1,112,0.89%,Userland/Services/WebDriver/Session.cpp
1,84,1.19%,Userland/Services/WebDriver/main.cpp
14,430,3.26%,Userland/Services/WebDriver/Client.cpp
5,322,1.55%,Userland/Services/WebServer/Client.cpp
1,89,1.12%,Userland/Services/WebServer/main.cpp
1,23,4.35%,Userland/Services/WebSocket/main.cpp
1,151,0.66%,Userland/Services/WindowServer/AppletManager.cpp
14,1422,0.98%,Userland/Services/WindowServer/Compositor.cpp
1,657,0.15%,Userland/Services/WindowServer/Menu.cpp
2,155,1.29%,Userland/Services/WindowServer/WMConnectionFromClient.cpp
3,369,0.81%,Userland/Services/WindowServer/Overlays.cpp
1,19,5.26%,Userland/Services/WindowServer/Menubar.cpp
12,1002,1.20%,Userland/Services/WindowServer/Window.cpp
2,131,1.53%,Userland/Services/WindowServer/main.cpp
1,71,1.41%,Userland/Services/WindowServer/Menubar.h
3,249,1.20%,Userland/Services/WindowServer/WindowSwitcher.cpp
2,500,0.40%,Userland/Services/WindowServer/Screen.cpp
1,347,0.29%,Userland/Services/WindowServer/MenuManager.cpp
16,1243,1.29%,Userland/Services/WindowServer/ConnectionFromClient.cpp
1,83,1.20%,Userland/Services/WindowServer/MultiScaleBitmaps.cpp
1,68,1.47%,Userland/Services/WindowServer/ScreenLayout.h
1,484,0.21%,Userland/Services/WindowServer/WindowManager.h
5,823,0.61%,Userland/Services/WindowServer/WindowFrame.cpp
10,2044,0.49%,Userland/Services/WindowServer/WindowManager.cpp
5,82,6.10%,Userland/Services/WindowServer/KeymapSwitcher.cpp
4,221,1.81%,Userland/Services/DeviceMapper/DeviceEventLoop.cpp
1,72,1.39%,Userland/Services/WebWorker/PageHost.cpp
3,51,5.88%,Userland/Services/WebWorker/ConnectionFromClient.cpp
1,38,2.63%,Userland/Services/WebWorker/ConnectionFromClient.h
28,96,29.17%,Userland/Services/WebWorker/DedicatedWorkerHost.cpp
1,15,6.67%,Userland/Shell/Tests/builtin-redir.sh
1,31,3.23%,Userland/Shell/Tests/control-structure-as-command.sh
1,34,2.94%,Userland/Shell/Tests/function.sh
1,45,2.22%,Userland/Shell/Tests/if.sh
1,881,0.11%,Userland/Shell/PosixLexer.cpp
1,501,0.20%,Userland/Shell/Shell.h
6,3277,0.18%,Userland/Shell/AST.cpp
3,1752,0.17%,Userland/Shell/Builtin.cpp
1,1191,0.08%,Userland/Shell/ImmediateFunctions.cpp
3,1915,0.16%,Userland/Shell/Parser.cpp
10,1823,0.55%,Userland/Shell/PosixParser.cpp
17,2236,0.76%,Userland/Shell/Shell.cpp
1,758,0.13%,Userland/Shell/Formatter.cpp
3,491,0.61%,Userland/Shell/SyntaxHighlighter.cpp
1,66,1.52%,Userland/Utilities/pkg/InstalledPort.cpp
1,68,1.47%,Userland/Utilities/bt.cpp
2,198,1.01%,Userland/Utilities/cal.cpp
1,61,1.64%,Userland/Utilities/date.cpp
1,130,0.77%,Userland/Utilities/disasm.cpp
1,36,2.78%,Userland/Utilities/fdtdump.cpp
13,559,2.33%,Userland/Utilities/wasm.cpp
7,155,4.52%,Userland/Utilities/functrace.cpp
1,113,0.88%,Userland/Utilities/sort.cpp
7,482,1.45%,Userland/Utilities/headless-browser.cpp
2,475,0.42%,Userland/Utilities/icc.cpp
2,707,0.28%,Userland/Utilities/js.cpp
2,529,0.38%,Userland/Utilities/less.cpp
1,173,0.58%,Userland/Utilities/lspci.cpp
1,91,1.10%,Userland/Utilities/man.cpp
3,375,0.80%,Userland/Utilities/markdown-check.cpp
1,262,0.38%,Userland/Utilities/nc.cpp
2,260,0.77%,Userland/Utilities/ntpquery.cpp
1,106,0.94%,Userland/Utilities/pmemdump.cpp
4,344,1.16%,Userland/Utilities/pro.cpp
5,626,0.80%,Userland/Utilities/readelf.cpp
3,359,0.84%,Userland/Utilities/run-tests.cpp
2,193,1.04%,Userland/Utilities/file.cpp
22,842,2.61%,Userland/Utilities/strace.cpp
1,556,0.18%,Userland/Utilities/stty.cpp
1,108,0.93%,Userland/Utilities/tail.cpp
3,246,1.22%,Userland/Utilities/tar.cpp
1,118,0.85%,Userland/Utilities/test-bindtodevice.cpp
1,118,0.85%,Userland/Utilities/test-fuzz.cpp
1,129,0.78%,Userland/Utilities/test-imap.cpp
2,156,1.28%,Userland/Utilities/aconv.cpp
1,66,1.52%,Userland/Utilities/patch.cpp
4,843,0.47%,Userland/Utilities/sed.cpp
1,127,0.79%,Userland/Utilities/image.cpp
1,95,1.05%,Userland/Utilities/uniq.cpp
1,171,0.58%,Userland/Utilities/unzip.cpp
1,50,2.00%,Userland/Utilities/network-settings.cpp
1,229,0.44%,Userland/Utilities/pdf.cpp
